raw,eased,x,y,z,yaw,pitch
0,0,23100,650,45700,-115.346,-22.4806
0,0,23100,650,45700,-115.346,-22.4806
0,0,23100,650,45700,-115.346,-22.4806
0,0,23100,650,45700,-115.346,-22.4806
0,0,23100,650,45700,-115.346,-22.4806
0,0,23100,650,45700,-115.346,-22.4806
0,0,23100,650,45700,-115.346,-22.4806
0,0,23100,650,45700,-115.346,-22.4806
0,0,23100,650,45700,-115.346,-22.4806
0,0,23100,650,45700,-115.346,-22.4806
0,0,23100,650,45700,-115.346,-22.4806
0,0,23100,650,45700,-115.346,-22.4806
0,0,23100,650,45700,-115.346,-22.4806
0,0,23100,650,45700,-115.346,-22.4806
0,0,23100,650,45700,-115.346,-22.4806
0,0,23100,650,45700,-115.346,-22.4806
0,0,23100,650,45700,-115.346,-22.4806
0,0,23100,650,45700,-115.346,-22.4806
0,0,23100,650,45700,-115.346,-22.4806
0,0,23100,650,45700,-115.346,-22.4806
0,0,23100,650,45700,-115.346,-22.4806
0,0,23100,650,45700,-115.346,-22.4806
0,0,23100,650,45700,-115.346,-22.4806
0,0,23100,650,45700,-115.346,-22.4806
0,0,23100,650,45700,-115.346,-22.4806
0,0,23100,650,45700,-115.346,-22.4806
0,0,23100,650,45700,-115.346,-22.4806
0,0,23100,650,45700,-115.346,-22.4806
0,0,23100,650,45700,-115.346,-22.4806
0,0,23100,650,45700,-115.346,-22.4806
0,0,23100,650,45700,-115.346,-22.4806
0,0,23100,650,45700,-115.346,-22.4806
0,0,23100,650,45700,-115.346,-22.4806
0,0,23100,650,45700,-115.346,-22.4806
0,0,23100,650,45700,-115.346,-22.4806
0,0,23100,650,45700,-115.346,-22.4806
0,0,23100,650,45700,-115.346,-22.4806
0,0,23100,650,45700,-115.346,-22.4806
0,0,23100,650,45700,-115.346,-22.4806
0,0,23100,650,45700,-115.346,-22.4806
0,0,23100,650,45700,-115.346,-22.4806
0,0,23100,650,45700,-115.346,-22.4806
0,0,23100,650,45700,-115.346,-22.4806
0,0,23100,650,45700,-115.346,-22.4806
0,0,23100,650,45700,-115.346,-22.4806
0,0,23100,650,45700,-115.346,-22.4806
0,0,23100,650,45700,-115.346,-22.4806
0,0,23100,650,45700,-115.346,-22.4806
0,0,23100,650,45700,-115.346,-22.4806
0,0,23100,650,45700,-115.346,-22.4806
0,0,23100,650,45700,-115.346,-22.4806
0,0,23100,650,45700,-115.346,-22.4806
0,0,23100,650,45700,-115.346,-22.4806
0,0,23100,650,45700,-115.346,-22.4806
0,0,23100,650,45700,-115.346,-22.4806
0,0,23100,650,45700,-115.346,-22.4806
0,0,23100,650,45700,-115.346,-22.4806
0,0,23100,650,45700,-115.346,-22.4806
0,0,23100,650,45700,-115.346,-22.4806
0,0,23100,650,45700,-115.346,-22.4806
0,0,23100,650,45700,-115.346,-22.4806
0,0,23100,650,45700,-115.346,-22.4806
0,0,23100,650,45700,-115.346,-22.4806
0,0,23100,650,45700,-115.346,-22.4806
0,0,23100,650,45700,-115.346,-22.4806
0,0,23100,650,45700,-115.346,-22.4806
0,0,23100,650,45700,-115.346,-22.4806
0,0,23100,650,45700,-115.346,-22.4806
0,0,23100,650,45700,-115.346,-22.4806
0,0,23100,650,45700,-115.346,-22.4806
0,0,23100,650,45700,-115.346,-22.4806
0,0,23100,650,45700,-115.346,-22.4806
0,0,23100,650,45700,-115.346,-22.4806
0,0,23100,650,45700,-115.346,-22.4806
0,0,23100,650,45700,-115.346,-22.4806
0,0,23100,650,45700,-115.346,-22.4806
0,0,23100,650,45700,-115.346,-22.4806
0,0,23100,650,45700,-115.346,-22.4806
0,0,23100,650,45700,-115.346,-22.4806
0,0,23100,650,45700,-115.346,-22.4806
0,0,23100,650,45700,-115.346,-22.4806
0,0,23100,650,45700,-115.346,-22.4806
0.00037037,1.05357e-06,23100,650,45700,-115.346,-22.4806
0.000740741,4.21426e-06,23100,649.996,45700,-115.346,-22.4806
0.00111111,9.48209e-06,23099.9,649.981,45699.8,-115.346,-22.4806
0.00148148,1.6857e-05,23099.9,649.946,45699.4,-115.346,-22.4806
0.00185185,2.63391e-05,23099.8,649.923,45699.1,-115.346,-22.4805
0.00222222,3.79284e-05,23099.7,649.888,45698.7,-115.346,-22.4805
0.00259259,5.16247e-05,23099.6,649.84,45698.1,-115.345,-22.4804
0.00296296,6.74282e-05,23099.4,649.784,45697.4,-115.345,-22.4803
0.00333333,8.53388e-05,23099.3,649.733,45696.8,-115.344,-22.4802
0.0037037,0.000105357,23099.1,649.669,45696,-115.343,-22.48
0.00407407,0.000127481,23098.9,649.591,45695,-115.342,-22.4798
0.00444444,0.000151713,23098.7,649.514,45694.1,-115.34,-22.4796
0.00481481,0.000178053,23098.4,649.435,45693.1,-115.338,-22.4793
0.00518519,0.000206499,23098.2,649.343,45692,-115.336,-22.4789
0.00555556,0.000237052,23097.9,649.238,45690.7,-115.334,-22.4784
0.00592593,0.000269713,23097.6,649.139,45689.5,-115.331,-22.4779
0.0062963,0.00030448,23097.3,649.032,45688.1,-115.327,-22.4773
0.00666667,0.000341355,23097,648.913,45686.6,-115.323,-22.4767
0.00703704,0.000380337,23096.6,648.782,45685,-115.319,-22.476
0.00740741,0.000421426,23096.3,648.66,45683.5,-115.314,-22.4752
0.00777778,0.000464623,23095.9,648.527,45681.8,-115.309,-22.4743
0.00814815,0.000509926,23095.5,648.38,45680,-115.303,-22.4733
0.00851852,0.000557336,23095,648.229,45678.1,-115.297,-22.4723
0.00888889,0.000606854,23094.6,648.081,45676.2,-115.29,-22.4711
0.00925926,0.000658479,23094.2,647.921,45674.2,-115.283,-22.4699
0.00962963,0.000712211,23093.7,647.748,45672,-115.275,-22.4686
0.01,0.00076805,23093.2,647.577,45669.8,-115.266,-22.4672
0.0103704,0.000825996,23092.7,647.403,45667.5,-115.257,-22.4657
0.0107407,0.000886049,23092.1,647.217,45665.2,-115.248,-22.4641
0.0111111,0.000948209,23091.6,647.018,45662.6,-115.237,-22.4624
0.0114815,0.00101248,23091,646.828,45660.2,-115.227,-22.4606
0.0118519,0.00107885,23090.4,646.628,45657.6,-115.215,-22.4587
0.0122222,0.00114733,23089.8,646.416,45654.8,-115.203,-22.4567
0.0125926,0.00121792,23089.2,646.199,45652,-115.191,-22.4546
0.012963,0.00129062,23088.6,645.985,45649.2,-115.177,-22.4525
0.0133333,0.00136542,23087.9,645.76,45646.2,-115.164,-22.4502
0.0137037,0.00144233,23087.2,645.523,45643.1,-115.149,-22.4479
0.0140741,0.00152135,23086.5,645.288,45640,-115.134,-22.4454
0.0144444,0.00160247,23085.8,645.05,45636.9,-115.118,-22.4428
0.0148148,0.0016857,23085.1,644.8,45633.6,-115.102,-22.4402
0.0151852,0.00177104,23084.3,644.539,45630.1,-115.085,-22.4374
0.0155556,0.00185849,23083.6,644.288,45626.7,-115.068,-22.4346
0.0159259,0.00194804,23082.8,644.025,45623.2,-115.049,-22.4316
0.0162963,0.0020397,23082,643.752,45619.6,-115.03,-22.4286
0.0166667,0.00213347,23081.2,643.475,45615.8,-115.011,-22.4255
0.017037,0.00222934,23080.3,643.2,45612.1,-114.991,-22.4222
0.0174074,0.00232733,23079.5,642.914,45608.2,-114.97,-22.4189
0.0177778,0.00242741,23078.6,642.617,45604.2,-114.949,-22.4155
0.0181481,0.00252961,23077.7,642.326,45600.2,-114.926,-22.4119
0.0185185,0.00263391,23076.8,642.028,45596.1,-114.904,-22.4083
0.0188889,0.00274032,23075.9,641.719,45591.9,-114.88,-22.4046
0.0192593,0.00284884,23074.9,641.405,45587.5,-114.856,-22.4008
0.0196296,0.00295946,23074,641.095,45583.2,-114.832,-22.3969
0.02,0.0030722,23073,640.774,45578.8,-114.806,-22.3929
0.0203704,0.00318703,23072,640.443,45574.2,-114.78,-22.3888
0.0207407,0.00330398,23071,640.116,45569.6,-114.754,-22.3846
0.0211111,0.00342303,23070,639.784,45564.9,-114.727,-22.3803
0.0214815,0.00354419,23068.9,639.442,45560.1,-114.699,-22.3759
0.0218518,0.00366746,23067.8,639.093,45555.2,-114.67,-22.3715
0.0222222,0.00379283,23066.8,638.75,45550.3,-114.641,-22.3669
0.0225926,0.00392031,23065.7,638.397,45545.3,-114.611,-22.3622
0.022963,0.0040499,23064.5,638.034,45540.1,-114.581,-22.3575
0.0233333,0.0041816,23063.4,637.674,45534.9,-114.549,-22.3526
0.0237037,0.0043154,23062.3,637.31,45529.6,-114.517,-22.3477
0.0240741,0.00445131,23061.1,636.937,45524.2,-114.485,-22.3427
0.0244444,0.00458933,23059.9,636.558,45518.7,-114.452,-22.3376
0.0248148,0.00472945,23058.7,636.183,45513.2,-114.418,-22.3324
0.0251852,0.00487168,23057.5,635.8,45507.6,-114.383,-22.3271
0.0255555,0.00501602,23056.2,635.407,45501.8,-114.348,-22.3217
0.0259259,0.00516247,23055,635.018,45496.1,-114.313,-22.3162
0.0262963,0.00531102,23053.7,634.625,45490.2,-114.276,-22.3106
0.0266667,0.00546168,23052.4,634.223,45484.2,-114.239,-22.305
0.027037,0.00561445,23051.1,633.817,45478.2,-114.201,-22.2992
0.0274074,0.00576932,23049.8,633.414,45472.1,-114.163,-22.2934
0.0277778,0.0059263,23048.5,633.002,45465.9,-114.124,-22.2874
0.0281481,0.00608539,23047.1,632.582,45459.5,-114.084,-22.2814
0.0285185,0.00624658,23045.7,632.168,45453.2,-114.043,-22.2753
0.0288889,0.00640989,23044.3,631.748,45446.8,-114.002,-22.2691
0.0292592,0.0065753,23042.9,631.319,45440.2,-113.96,-22.2629
0.0296296,0.00674281,23041.5,630.89,45433.5,-113.918,-22.2565
0.03,0.00691244,23040.1,630.461,45426.9,-113.875,-22.25
0.0303704,0.00708417,23038.6,630.024,45420,-113.831,-22.2435
0.0307407,0.007258,23037.1,629.581,45413.1,-113.787,-22.2369
0.0311111,0.00743395,23035.7,629.144,45406.2,-113.741,-22.2302
0.0314815,0.007612,23034.2,628.699,45399.1,-113.696,-22.2234
0.0318518,0.00779216,23032.6,628.247,45391.9,-113.649,-22.2165
0.0322222,0.00797443,23031.1,627.798,45384.8,-113.602,-22.2095
0.0325926,0.0081588,23029.5,627.346,45377.5,-113.554,-22.2025
0.0329629,0.00834528,23028,626.887,45370.1,-113.506,-22.1954
0.0333333,0.00853387,23026.4,626.426,45362.6,-113.457,-22.1881
0.0337037,0.00872457,23024.8,625.967,45355.1,-113.407,-22.1808
0.0340741,0.00891737,23023.2,625.501,45347.4,-113.356,-22.1735
0.0344444,0.00911228,23021.5,625.03,45339.6,-113.305,-22.166
0.0348148,0.00930929,23019.9,624.564,45331.9,-113.253,-22.1585
0.0351852,0.00950842,23018.2,624.092,45324,-113.201,-22.1508
0.0355555,0.00970965,23016.5,623.614,45316,-113.147,-22.1431
0.0359259,0.00991299,23014.8,623.14,45307.9,-113.093,-22.1353
0.0362963,0.0101184,23013.1,622.662,45299.8,-113.039,-22.1274
0.0366666,0.010326,23011.4,622.179,45291.6,-112.983,-22.1195
0.037037,0.0105356,23009.7,621.696,45283.2,-112.927,-22.1115
0.0374074,0.0107474,23007.9,621.213,45274.9,-112.871,-22.1033
0.0377778,0.0109613,23006.1,620.725,45266.4,-112.813,-22.0952
0.0381481,0.0111773,23004.3,620.234,45257.8,-112.755,-22.0869
0.0385185,0.0113953,23002.5,619.748,45249.2,-112.697,-22.0785
0.0388889,0.0116155,23000.7,619.255,45240.5,-112.637,-22.0701
0.0392592,0.0118378,22998.9,618.758,45231.6,-112.577,-22.0616
0.0396296,0.0120623,22997,618.267,45222.7,-112.516,-22.053
0.04,0.0122888,22995.2,617.772,45213.8,-112.455,-22.0444
0.0403703,0.0125174,22993.3,617.271,45204.6,-112.393,-22.0356
0.0407407,0.0127481,22991.4,616.775,45195.5,-112.33,-22.0268
0.0411111,0.012981,22989.5,616.277,45186.3,-112.266,-22.0179
0.0414815,0.0132159,22987.6,615.774,45176.9,-112.202,-22.009
0.0418518,0.013453,22985.6,615.274,45167.5,-112.137,-21.9999
0.0422222,0.0136921,22983.7,614.773,45158.1,-112.072,-21.9908
0.0425926,0.0139334,22981.7,614.269,45148.5,-112.005,-21.9817
0.0429629,0.0141768,22979.7,613.765,45138.8,-111.938,-21.9724
0.0433333,0.0144222,22977.7,613.264,45129.1,-111.871,-21.9631
0.0437037,0.0146698,22975.7,612.759,45119.3,-111.802,-21.9537
0.044074,0.0149195,22973.7,612.253,45109.3,-111.733,-21.9442
0.0444444,0.0151713,22971.6,611.751,45099.4,-111.663,-21.9347
0.0448148,0.0154252,22969.6,611.245,45089.3,-111.593,-21.9251
0.0451852,0.0156812,22967.5,610.739,45079.1,-111.522,-21.9154
0.0455555,0.0159394,22965.4,610.237,45068.9,-111.45,-21.9056
0.0459259,0.0161996,22963.3,609.733,45058.5,-111.377,-21.8958
0.0462963,0.0164619,22961.2,609.226,45048,-111.304,-21.8859
0.0466666,0.0167264,22959.1,608.726,45037.6,-111.23,-21.876
0.047037,0.0169929,22957,608.223,45027,-111.155,-21.866
0.0474074,0.0172616,22954.8,607.718,45016.3,-111.079,-21.8559
0.0477777,0.0175324,22952.7,607.22,45005.6,-111.003,-21.8457
0.0481481,0.0178052,22950.5,606.72,44994.7,-110.926,-21.8355
0.0485185,0.0180802,22948.3,606.218,44983.8,-110.849,-21.8252
0.0488889,0.0183573,22946.1,605.722,44972.8,-110.771,-21.8149
0.0492592,0.0186365,22943.9,605.226,44961.7,-110.692,-21.8045
0.0496296,0.0189178,22941.6,604.728,44950.5,-110.612,-21.794
0.05,0.0192012,22939.4,604.236,44939.2,-110.531,-21.7835
0.0503703,0.0194867,22937.1,603.745,44927.9,-110.45,-21.7729
0.0507407,0.0197743,22934.8,603.252,44916.4,-110.369,-21.7623
0.0511111,0.0200641,22932.6,602.766,44904.9,-110.286,-21.7516
0.0514814,0.0203559,22930.3,602.28,44893.3,-110.203,-21.7408
0.0518518,0.0206499,22927.9,601.794,44881.6,-110.119,-21.73
0.0522222,0.0209459,22925.6,601.314,44869.9,-110.034,-21.7192
0.0525926,0.0212441,22923.3,600.835,44858,-109.949,-21.7082
0.0529629,0.0215443,22920.9,600.357,44846,-109.863,-21.6973
0.0533333,0.0218467,22918.6,599.885,44834,-109.776,-21.6862
0.0537037,0.0221512,22916.2,599.414,44821.9,-109.688,-21.6752
0.054074,0.0224578,22913.8,598.945,44809.7,-109.6,-21.664
0.0544444,0.0227665,22911.4,598.482,44797.4,-109.511,-21.6529
0.0548148,0.0230773,22909,598.021,44785.1,-109.421,-21.6416
0.0551851,0.0233902,22906.6,597.562,44772.6,-109.331,-21.6304
0.0555555,0.0237052,22904.2,597.109,44760.1,-109.239,-21.619
0.0559259,0.0240223,22901.7,596.659,44747.4,-109.148,-21.6077
0.0562963,0.0243415,22899.3,596.212,44734.7,-109.055,-21.5963
0.0566666,0.0246629,22896.8,595.772,44721.9,-108.962,-21.5848
0.057037,0.0249863,22894.4,595.334,44709.1,-108.868,-21.5733
0.0574074,0.0253119,22891.9,594.901,44696.1,-108.773,-21.5618
0.0577777,0.0256395,22889.4,594.474,44683.1,-108.677,-21.5502
0.0581481,0.0259693,22886.9,594.05,44669.9,-108.581,-21.5386
0.0585185,0.0263012,22884.3,593.632,44656.7,-108.484,-21.527
0.0588888,0.0266351,22881.8,593.219,44643.4,-108.386,-21.5153
0.0592592,0.0269712,22879.3,592.811,44630,-108.288,-21.5036
0.0596296,0.0273094,22876.7,592.41,44616.5,-108.189,-21.4919
0.06,0.0276497,22874.2,592.014,44603,-108.089,-21.4801
0.0603703,0.0279921,22871.6,591.624,44589.3,-107.988,-21.4684
0.0607407,0.0283367,22869,591.241,44575.6,-107.887,-21.4566
0.0611111,0.0286833,22866.4,590.863,44561.8,-107.785,-21.4447
0.0614814,0.029032,22863.8,590.492,44547.8,-107.682,-21.4329
0.0618518,0.0293828,22861.2,590.129,44533.9,-107.579,-21.421
0.0622222,0.0297358,22858.6,589.772,44519.8,-107.475,-21.4091
0.0625926,0.0300908,22856,589.423,44505.6,-107.37,-21.3972
0.0629629,0.030448,22853.4,589.081,44491.4,-107.264,-21.3853
0.0633333,0.0308073,22850.7,588.747,44477.1,-107.158,-21.3733
0.0637037,0.0311686,22848.1,588.421,44462.6,-107.05,-21.3614
0.064074,0.0315321,22845.4,588.104,44448.2,-106.943,-21.3494
0.0644444,0.0318977,22842.7,587.794,44433.5,-106.834,-21.3375
0.0648148,0.0322654,22840.1,587.493,44418.9,-106.725,-21.3255
0.0651851,0.0326352,22837.4,587.202,44404.1,-106.615,-21.3136
0.0655555,0.0330071,22834.7,586.919,44389.3,-106.504,-21.3016
0.0659259,0.0333811,22832,586.646,44374.4,-106.393,-21.2897
0.0662962,0.0337572,22829.3,586.383,44359.3,-106.28,-21.2777
0.0666666,0.0341355,22826.6,586.13,44344.2,-106.167,-21.2658
0.067037,0.0345158,22823.8,585.887,44329.1,-106.054,-21.2539
0.0674074,0.0348983,22821.1,585.655,44313.8,-105.939,-21.242
0.0677777,0.0352828,22818.4,585.433,44298.4,-105.824,-21.2301
0.0681481,0.0356695,22815.6,585.223,44283,-105.708,-21.2182
0.0685185,0.0360582,22812.9,585.024,44267.4,-105.592,-21.2064
0.0688888,0.0364491,22810.1,584.837,44251.8,-105.475,-21.1946
0.0692592,0.0368421,22807.4,584.662,44236.1,-105.357,-21.1828
0.0696296,0.0372372,22804.6,584.5,44220.3,-105.238,-21.171
0.0699999,0.0376344,22801.8,584.35,44204.5,-105.119,-21.1593
0.0703703,0.0380326,22799.1,584.214,44188.5,-104.998,-21.1477
0.0707407,0.0384309,22796.3,584.092,44172.6,-104.878,-21.1361
0.0711111,0.0388291,22793.6,583.984,44156.7,-104.756,-21.1245
0.0714814,0.0392273,22790.8,583.89,44140.8,-104.634,-21.113
0.0718518,0.0396256,22788.1,583.81,44124.9,-104.511,-21.1015
0.0722222,0.0400238,22785.4,583.745,44108.9,-104.388,-21.0902
0.0725925,0.0404221,22782.7,583.694,44093,-104.264,-21.0789
0.0729629,0.0408203,22780,583.659,44077.1,-104.139,-21.0676
0.0733333,0.0412186,22777.3,583.638,44061.1,-104.014,-21.0565
0.0737036,0.0416168,22774.6,583.632,44045.2,-103.889,-21.0455
0.074074,0.0420151,22772,583.641,44029.3,-103.763,-21.0345
0.0744444,0.0424133,22769.3,583.666,44013.3,-103.637,-21.0237
0.0748148,0.0428116,22766.7,583.706,43997.4,-103.51,-21.013
0.0751851,0.0432098,22764,583.762,43981.4,-103.383,-21.0024
0.0755555,0.0436081,22761.4,583.833,43965.5,-103.256,-20.992
0.0759259,0.0440063,22758.8,583.921,43949.6,-103.128,-20.9816
0.0762962,0.0444046,22756.2,584.025,43933.6,-103.001,-20.9714
0.0766666,0.0448028,22753.6,584.145,43917.7,-102.873,-20.9614
0.077037,0.045201,22751.1,584.281,43901.7,-102.744,-20.9515
0.0774074,0.0455993,22748.5,584.434,43885.8,-102.616,-20.9417
0.0777777,0.0459975,22746,584.604,43869.8,-102.487,-20.9321
0.0781481,0.0463958,22743.4,584.791,43853.8,-102.359,-20.9227
0.0785185,0.046794,22740.9,584.995,43837.9,-102.23,-20.9134
0.0788888,0.0471923,22738.4,585.217,43821.9,-102.101,-20.9043
0.0792592,0.0475905,22735.9,585.456,43806,-101.972,-20.8954
0.0796296,0.0479888,22733.4,585.713,43790,-101.843,-20.8866
0.0799999,0.048387,22730.9,585.988,43774,-101.713,-20.8781
0.0803703,0.0487853,22728.4,586.281,43758.1,-101.584,-20.8697
0.0807407,0.0491835,22726,586.592,43742.1,-101.455,-20.8615
0.0811111,0.0495818,22723.6,586.923,43726.1,-101.325,-20.8535
0.0814814,0.04998,22721.1,587.272,43710.2,-101.196,-20.8458
0.0818518,0.0503783,22718.7,587.64,43694.2,-101.067,-20.8382
0.0822222,0.0507765,22716.3,588.028,43678.2,-100.937,-20.8308
0.0825925,0.0511748,22713.9,588.435,43662.2,-100.808,-20.8237
0.0829629,0.051573,22711.6,588.862,43646.3,-100.678,-20.8168
0.0833333,0.0519713,22709.2,589.309,43630.3,-100.549,-20.8101
0.0837036,0.0523695,22706.9,589.776,43614.3,-100.419,-20.8036
0.084074,0.0527678,22704.6,590.264,43598.3,-100.29,-20.7974
0.0844444,0.053166,22702.2,590.773,43582.3,-100.16,-20.7914
0.0848147,0.0535642,22700,591.303,43566.4,-100.031,-20.7856
0.0851851,0.0539625,22697.7,591.855,43550.4,-99.9015,-20.7801
0.0855555,0.0543607,22695.4,592.428,43534.4,-99.7721,-20.7749
0.0859259,0.054759,22693.2,593.023,43518.4,-99.6428,-20.7699
0.0862962,0.0551572,22690.9,593.641,43502.4,-99.5136,-20.7652
0.0866666,0.0555555,22688.7,594.281,43486.4,-99.3843,-20.7607
0.087037,0.0559537,22686.5,594.945,43470.4,-99.2552,-20.7565
0.0874073,0.056352,22684.3,595.631,43454.4,-99.1261,-20.7526
0.0877777,0.0567502,22682.2,596.341,43438.4,-98.997,-20.749
0.0881481,0.0571485,22680,597.076,43422.4,-98.8681,-20.7456
0.0885184,0.0575467,22677.9,597.834,43406.4,-98.7392,-20.7426
0.0888888,0.057945,22675.8,598.618,43390.4,-98.6103,-20.7398
0.0892592,0.0583432,22673.7,599.427,43374.4,-98.4816,-20.7374
0.0896296,0.0587415,22671.6,600.26,43358.4,-98.3529,-20.7352
0.0899999,0.0591397,22669.5,601.121,43342.4,-98.2243,-20.7334
0.0903703,0.059538,22667.5,602.006,43326.4,-98.0958,-20.7319
0.0907407,0.0599362,22665.5,602.92,43310.4,-97.9674,-20.7308
0.0911111,0.0603345,22663.5,603.86,43294.4,-97.839,-20.73
0.0914814,0.0607327,22661.5,604.826,43278.4,-97.7108,-20.7295
0.0918518,0.061131,22659.5,605.824,43262.4,-97.5827,-20.7293
0.0922222,0.0615292,22657.6,606.847,43246.4,-97.4547,-20.7296
0.0925926,0.0619275,22655.7,607.901,43230.4,-97.3268,-20.7301
0.0929629,0.0623257,22653.8,608.984,43214.4,-97.199,-20.7311
0.0933333,0.062724,22651.9,610.095,43198.4,-97.0713,-20.7324
0.0937037,0.0631223,22650.1,611.241,43182.4,-96.9438,-20.7341
0.0940741,0.0635205,22648.2,612.414,43166.4,-96.8164,-20.7363
0.0944444,0.0639188,22646.4,613.621,43150.3,-96.6891,-20.7388
0.0948148,0.064317,22644.6,614.86,43134.3,-96.5619,-20.7417
0.0951852,0.0647153,22642.9,616.129,43118.3,-96.4349,-20.745
0.0955556,0.0651135,22641.1,617.436,43102.3,-96.308,-20.7488
0.0959259,0.0655118,22639.4,618.773,43086.3,-96.1813,-20.753
0.0962963,0.06591,22637.7,620.148,43070.3,-96.0547,-20.7576
0.0966667,0.0663083,22636.1,621.557,43054.3,-95.9283,-20.7627
0.0970371,0.0667065,22634.4,623.001,43038.3,-95.802,-20.7682
0.0974074,0.0671048,22632.8,624.485,43022.2,-95.6759,-20.7743
0.0977778,0.067503,22631.2,626.001,43006.3,-95.55,-20.7808
0.0981482,0.0679013,22629.7,627.562,42990.2,-95.4242,-20.7878
0.0985186,0.0682995,22628.2,629.158,42974.2,-95.2987,-20.7953
0.0988889,0.0686978,22626.7,630.796,42958.2,-95.1733,-20.8033
0.0992593,0.069096,22625.2,632.474,42942.2,-95.0481,-20.8118
0.0996297,0.0694943,22623.8,634.191,42926.2,-94.9231,-20.8209
0.1,0.0698925,22622.4,635.957,42910.2,-94.7983,-20.8305
0.10037,0.0702908,22621,637.759,42894.3,-94.6737,-20.8407
0.100741,0.0706891,22619.6,639.614,42878.2,-94.5493,-20.8514
0.101111,0.0710873,22618.3,641.508,42862.2,-94.4252,-20.8627
0.101482,0.0714856,22617.1,643.452,42846.2,-94.3012,-20.8747
0.101852,0.0718838,22615.8,645.444,42830.3,-94.1775,-20.8872
0.102222,0.0722821,22614.6,647.481,42814.3,-94.0541,-20.9004
0.102593,0.0726803,22613.5,649.574,42798.3,-93.9308,-20.9142
0.102963,0.0730786,22612.3,651.708,42782.4,-93.8079,-20.9287
0.103333,0.0734768,22611.2,653.909,42766.3,-93.6852,-20.9438
0.103704,0.0738751,22610.2,656.153,42750.4,-93.5627,-20.9596
0.104074,0.0742733,22609.2,658.461,42734.4,-93.4405,-20.9762
0.104445,0.0746716,22608.2,660.819,42718.5,-93.3186,-20.9934
0.104815,0.0750698,22607.3,663.24,42702.5,-93.197,-21.0114
0.105185,0.0754681,22606.4,665.719,42686.6,-93.0757,-21.0302
0.105556,0.0758663,22605.6,668.258,42670.7,-92.9547,-21.0497
0.105926,0.0762646,22604.8,670.865,42654.7,-92.834,-21.07
0.106296,0.0766629,22604.1,673.53,42638.8,-92.7137,-21.0912
0.106667,0.0770611,22603.4,676.272,42622.9,-92.5936,-21.1132
0.107037,0.0774594,22602.8,679.071,42607,-92.474,-21.1361
0.107408,0.0778576,22602.2,681.956,42591.1,-92.3546,-21.1598
0.107778,0.0782559,22601.7,684.898,42575.3,-92.2357,-21.1845
0.108148,0.0786541,22601.2,687.935,42559.3,-92.1171,-21.2101
0.108519,0.0790524,22600.8,691.028,42543.6,-91.9989,-21.2366
0.108889,0.0794506,22600.5,694.226,42527.7,-91.8812,-21.2642
0.109259,0.0798489,22600.2,697.474,42511.9,-91.7638,-21.2928
0.10963,0.0802471,22600,700.72,42496.6,-91.6469,-21.3224
0.11,0.0806454,22599.8,704.271,42480.3,-91.5305,-21.3531
0.110371,0.0810436,22599.6,707.799,42464.6,-91.4145,-21.3849
0.110741,0.0814419,22599.5,711.406,42448.8,-91.299,-21.4179
0.111111,0.0818401,22599.5,715.093,42433.1,-91.1839,-21.452
0.111482,0.0822384,22599.5,718.861,42417.4,-91.0691,-21.4873
0.111852,0.0826366,22599.5,722.708,42401.7,-90.9548,-21.5239
0.112222,0.0830349,22599.5,726.635,42386,-90.8409,-21.5617
0.112593,0.0834332,22599.6,730.639,42370.3,-90.7274,-21.6007
0.112963,0.0838314,22599.7,734.72,42354.7,-90.6142,-21.6411
0.113334,0.0842297,22599.9,738.877,42339.1,-90.5013,-21.6827
0.113704,0.0846279,22600,743.108,42323.5,-90.3887,-21.7256
0.114074,0.0850262,22600.3,747.414,42307.9,-90.2765,-21.7699
0.114445,0.0854244,22600.5,751.791,42292.4,-90.1645,-21.8154
0.114815,0.0858227,22600.8,756.242,42276.9,-90.0529,-21.8623
0.115185,0.0862209,22601.1,760.761,42261.4,-89.9414,-21.9105
0.115556,0.0866192,22601.5,765.354,42245.9,-89.8303,-21.96
0.115926,0.0870174,22601.9,770.013,42230.4,-89.7193,-22.0108
0.116297,0.0874157,22602.3,774.741,42215,-89.6086,-22.063
0.116667,0.0878139,22602.7,779.535,42199.5,-89.4981,-22.1164
0.117037,0.0882122,22603.2,784.397,42184.1,-89.3878,-22.1711
0.117408,0.0886104,22603.7,789.323,42168.8,-89.2778,-22.2272
0.117778,0.0890087,22604.3,794.312,42153.4,-89.1679,-22.2845
0.118148,0.089407,22604.9,799.367,42138.1,-89.0582,-22.343
0.118519,0.0898052,22605.5,804.48,42122.7,-88.9487,-22.4028
0.118889,0.0902035,22606.1,809.66,42107.4,-88.8394,-22.4639
0.11926,0.0906017,22606.8,814.894,42092.2,-88.7303,-22.5262
0.11963,0.091,22607.5,820.192,42076.9,-88.6214,-22.5896
0.12,0.0913982,22608.2,825.545,42061.7,-88.5126,-22.6543
0.120371,0.0917965,22609,830.959,42046.5,-88.4041,-22.7202
0.120741,0.0921947,22609.8,836.426,42031.3,-88.2957,-22.7871
0.121111,0.092593,22610.6,841.951,42016.2,-88.1875,-22.8553
0.121482,0.0929912,22611.5,847.53,42001,-88.0794,-22.9245
0.121852,0.0933895,22612.3,853.163,41985.9,-87.9716,-22.9949
0.122223,0.0937877,22613.3,858.85,41970.8,-87.8639,-23.0663
0.122593,0.094186,22614.2,864.587,41955.7,-87.7565,-23.1388
0.122963,0.0945842,22615.2,870.379,41940.7,-87.6492,-23.2123
0.123334,0.0949825,22616.1,876.214,41925.7,-87.5421,-23.2868
0.123704,0.0953807,22617.2,882.105,41910.6,-87.4352,-23.3623
0.124074,0.095779,22618.2,888.04,41895.6,-87.3285,-23.4388
0.124445,0.0961773,22619.3,894.026,41880.7,-87.222,-23.5163
0.124815,0.0965755,22620.4,900.057,41865.7,-87.1157,-23.5947
0.125186,0.0969738,22621.5,906.134,41850.8,-87.0096,-23.674
0.125556,0.097372,22622.7,912.258,41835.9,-86.9037,-23.7542
0.125926,0.0977703,22623.8,918.423,41821,-86.7981,-23.8352
0.126297,0.0981685,22625,924.636,41806.1,-86.6926,-23.9172
0.126667,0.0985668,22626.3,930.885,41791.3,-86.5874,-23.9999
0.127037,0.098965,22627.5,937.183,41776.5,-86.4823,-24.0834
0.127408,0.0993633,22628.8,943.516,41761.7,-86.3775,-24.1678
0.127778,0.0997615,22630.1,949.893,41746.9,-86.2729,-24.2529
0.128149,0.10016,22631.4,956.307,41732.1,-86.1686,-24.3387
0.128519,0.100558,22632.8,962.76,41717.4,-86.0644,-24.4253
0.128889,0.100956,22634.1,969.252,41702.6,-85.9605,-24.5125
0.12926,0.101355,22635.5,975.779,41687.9,-85.8569,-24.6005
0.12963,0.101753,22636.9,982.347,41673.2,-85.7534,-24.6891
0.13,0.102151,22638.4,988.944,41658.5,-85.6503,-24.7783
0.130371,0.102549,22639.9,995.582,41643.9,-85.5473,-24.8682
0.130741,0.102948,22641.3,1002.25,41629.2,-85.4446,-24.9587
0.131112,0.103346,22642.8,1008.95,41614.6,-85.3422,-25.0498
0.131482,0.103744,22644.4,1015.68,41600,-85.24,-25.1414
0.131852,0.104142,22645.9,1022.45,41585.4,-85.1381,-25.2335
0.132223,0.104541,22647.5,1029.25,41570.8,-85.0364,-25.3262
0.132593,0.104939,22649.1,1036.07,41556.3,-84.935,-25.4194
0.132963,0.105337,22650.7,1042.93,41541.7,-84.8338,-25.5131
0.133334,0.105735,22652.3,1049.82,41527.2,-84.7329,-25.6073
0.133704,0.106134,22654,1056.73,41512.7,-84.6323,-25.7019
0.134075,0.106532,22655.7,1063.67,41498.2,-84.5319,-25.7969
0.134445,0.10693,22657.4,1070.64,41483.7,-84.4318,-25.8923
0.134815,0.107328,22659.1,1077.64,41469.3,-84.332,-25.9882
0.135186,0.107727,22660.8,1084.66,41454.8,-84.2325,-26.0844
0.135556,0.108125,22662.6,1091.7,41440.4,-84.1332,-26.181
0.135926,0.108523,22664.3,1098.77,41426,-84.0342,-26.2779
0.136297,0.108921,22666.1,1105.87,41411.6,-83.9355,-26.3751
0.136667,0.10932,22667.9,1112.98,41397.2,-83.8371,-26.4727
0.137038,0.109718,22669.8,1120.12,41382.8,-83.7389,-26.5705
0.137408,0.110116,22671.6,1127.28,41368.4,-83.6411,-26.6687
0.137778,0.110514,22673.5,1134.46,41354.1,-83.5435,-26.7671
0.138149,0.110913,22675.4,1141.66,41339.7,-83.4462,-26.8657
0.138519,0.111311,22677.3,1148.88,41325.4,-83.3493,-26.9646
0.138889,0.111709,22679.2,1156.12,41311.1,-83.2526,-27.0636
0.13926,0.112107,22681.1,1163.38,41296.8,-83.1562,-27.1629
0.13963,0.112506,22683.1,1170.66,41282.5,-83.0601,-27.2624
0.140001,0.112904,22685,1177.95,41268.2,-82.9642,-27.362
0.140371,0.113302,22687,1185.26,41253.9,-82.8687,-27.4618
0.140741,0.1137,22689,1192.59,41239.7,-82.7735,-27.5618
0.141112,0.114099,22691,1199.93,41225.4,-82.6786,-27.6618
0.141482,0.114497,22693.1,1207.29,41211.2,-82.584,-27.762
0.141852,0.114895,22695.1,1214.65,41197,-82.4897,-27.8623
0.142223,0.115293,22697.2,1222.04,41182.7,-82.3957,-27.9626
0.142593,0.115692,22699.3,1229.44,41168.5,-82.302,-28.063
0.142964,0.11609,22701.4,1236.85,41154.3,-82.2086,-28.1635
0.143334,0.116488,22703.5,1244.27,41140.1,-82.1155,-28.2641
0.143704,0.116886,22705.6,1251.71,41125.9,-82.0228,-28.3646
0.144075,0.117285,22707.8,1259.16,41111.8,-81.9303,-28.4652
0.144445,0.117683,22709.9,1266.61,41097.6,-81.8381,-28.5658
0.144815,0.118081,22712.1,1274.08,41083.4,-81.7463,-28.6664
0.145186,0.118479,22714.3,1281.55,41069.3,-81.6548,-28.767
0.145556,0.118878,22716.5,1289.04,41055.1,-81.5636,-28.8676
0.145927,0.119276,22718.7,1296.53,41041,-81.4727,-28.9681
0.146297,0.119674,22720.9,1304.03,41026.8,-81.3821,-29.0686
0.146667,0.120072,22723.1,1311.54,41012.7,-81.2918,-29.169
0.147038,0.120471,22725.4,1319.05,40998.6,-81.2019,-29.2693
0.147408,0.120869,22727.7,1326.58,40984.5,-81.1122,-29.3696
0.147778,0.121267,22729.9,1334.1,40970.4,-81.0229,-29.4697
0.148149,0.121665,22732.2,1341.63,40956.2,-80.9339,-29.5698
0.148519,0.122064,22734.5,1349.17,40942.1,-80.8453,-29.6697
0.14889,0.122462,22736.9,1356.71,40928,-80.7569,-29.7696
0.14926,0.12286,22739.2,1364.26,40913.9,-80.6689,-29.8692
0.14963,0.123258,22741.5,1371.8,40899.9,-80.5812,-29.9688
0.150001,0.123657,22743.9,1379.36,40885.8,-80.4938,-30.0682
0.150371,0.124055,22746.3,1386.91,40871.7,-80.4067,-30.1674
0.150741,0.124453,22748.6,1394.46,40857.6,-80.32,-30.2665
0.151112,0.124851,22751,1402.02,40843.5,-80.2336,-30.3653
0.151482,0.12525,22753.4,1409.57,40829.4,-80.1475,-30.464
0.151853,0.125648,22755.8,1417.13,40815.4,-80.0617,-30.5625
0.152223,0.126046,22758.3,1424.68,40801.3,-79.9763,-30.6608
0.152593,0.126444,22760.7,1432.24,40787.2,-79.8912,-30.7589
0.152964,0.126843,22763.1,1439.79,40773.1,-79.8064,-30.8567
0.153334,0.127241,22765.6,1447.34,40759.1,-79.722,-30.9543
0.153704,0.127639,22768.1,1454.9,40745,-79.6378,-31.0517
0.154075,0.128038,22770.6,1462.44,40730.9,-79.554,-31.1488
0.154445,0.128436,22773,1469.99,40716.9,-79.4706,-31.2457
0.154816,0.128834,22775.5,1477.53,40702.8,-79.3874,-31.3423
0.155186,0.129232,22778.1,1485.06,40688.7,-79.3046,-31.4386
0.155556,0.129631,22780.6,1492.59,40674.7,-79.2222,-31.5347
0.155927,0.130029,22783.1,1500.12,40660.6,-79.14,-31.6304
0.156297,0.130427,22785.6,1507.64,40646.5,-79.0582,-31.7259
0.156668,0.130825,22788.2,1515.15,40632.4,-78.9767,-31.8211
0.157038,0.131224,22790.7,1522.66,40618.4,-78.8956,-31.9159
0.157408,0.131622,22793.3,1530.16,40604.3,-78.8148,-32.0105
0.157779,0.13202,22795.9,1537.66,40590.2,-78.7343,-32.1047
0.158149,0.132418,22798.5,1545.14,40576.1,-78.6542,-32.1986
0.158519,0.132817,22801.1,1552.62,40562,-78.5744,-32.2922
0.15889,0.133215,22803.7,1560.09,40547.9,-78.4949,-32.3854
0.15926,0.133613,22806.3,1567.54,40533.9,-78.4158,-32.4783
0.159631,0.134011,22808.9,1574.99,40519.8,-78.337,-32.5708
0.160001,0.13441,22811.5,1582.43,40505.7,-78.2585,-32.663
0.160371,0.134808,22814.2,1589.86,40491.6,-78.1804,-32.7548
0.160742,0.135206,22816.8,1597.28,40477.4,-78.1027,-32.8462
0.161112,0.135604,22819.5,1604.68,40463.3,-78.0252,-32.9373
0.161482,0.136003,22822.1,1612.07,40449.2,-77.9481,-33.028
0.161853,0.136401,22824.8,1619.45,40435.1,-77.8714,-33.1183
0.162223,0.136799,22827.5,1626.82,40421,-77.7949,-33.2082
0.162593,0.137197,22830.1,1634.17,40406.8,-77.7189,-33.2977
0.162964,0.137596,22832.8,1641.51,40392.7,-77.6431,-33.3868
0.163334,0.137994,22835.5,1648.84,40378.5,-77.5677,-33.4755
0.163705,0.138392,22838.2,1656.14,40364.4,-77.4927,-33.5638
0.164075,0.13879,22840.9,1663.44,40350.2,-77.418,-33.6516
0.164445,0.139189,22843.7,1670.72,40336.1,-77.3436,-33.7391
0.164816,0.139587,22846.4,1677.98,40321.9,-77.2696,-33.8261
0.165186,0.139985,22849.1,1685.22,40307.7,-77.1959,-33.9127
0.165557,0.140383,22851.9,1692.45,40293.5,-77.1226,-33.9988
0.165927,0.140782,22854.6,1699.66,40279.3,-77.0496,-34.0845
0.166297,0.14118,22857.3,1706.85,40265.1,-76.977,-34.1698
0.166668,0.141578,22860.1,1714.02,40250.9,-76.9047,-34.2546
0.167038,0.141976,22862.9,1721.17,40236.7,-76.8327,-34.3389
0.167408,0.142375,22865.6,1728.31,40222.4,-76.7611,-34.4228
0.167779,0.142773,22868.4,1735.42,40208.2,-76.6899,-34.5062
0.168149,0.143171,22871.2,1742.51,40194,-76.619,-34.5892
0.16852,0.143569,22874,1749.58,40179.7,-76.5484,-34.6717
0.16889,0.143968,22876.7,1756.63,40165.4,-76.4782,-34.7537
0.16926,0.144366,22879.5,1763.66,40151.1,-76.4083,-34.8352
0.169631,0.144764,22882.3,1770.66,40136.9,-76.3388,-34.9163
0.170001,0.145162,22885.1,1777.64,40122.6,-76.2697,-34.9968
0.170371,0.145561,22887.9,1784.6,40108.3,-76.2009,-35.0769
0.170742,0.145959,22890.8,1791.53,40093.9,-76.1325,-35.1565
0.171112,0.146357,22893.6,1798.44,40079.6,-76.0644,-35.2355
0.171483,0.146755,22896.4,1805.33,40065.3,-75.9966,-35.3141
0.171853,0.147154,22899.2,1812.18,40050.9,-75.9293,-35.3922
0.172223,0.147552,22902,1819.02,40036.5,-75.8622,-35.4697
0.172594,0.14795,22904.9,1825.82,40022.2,-75.7956,-35.5467
0.172964,0.148348,22907.7,1832.6,40007.8,-75.7293,-35.6232
0.173334,0.148747,22910.5,1839.35,39993.4,-75.6633,-35.6992
0.173705,0.149145,22913.4,1846.07,39979,-75.5977,-35.7747
0.174075,0.149543,22916.2,1852.77,39964.5,-75.5325,-35.8496
0.174446,0.149941,22919.1,1859.43,39950.1,-75.4676,-35.924
0.174816,0.15034,22921.9,1866.07,39935.6,-75.4031,-35.9979
0.175186,0.150738,22924.8,1872.67,39921.2,-75.339,-36.0713
0.175557,0.151136,22927.6,1879.25,39906.7,-75.2752,-36.144
0.175927,0.151534,22930.5,1885.79,39892.2,-75.2117,-36.2163
0.176297,0.151933,22933.4,1892.31,39877.7,-75.1487,-36.288
0.176668,0.152331,22936.2,1898.79,39863.2,-75.086,-36.3591
0.177038,0.152729,22939.1,1905.23,39848.6,-75.0236,-36.4297
0.177409,0.153127,22942,1911.65,39834.1,-74.9617,-36.4998
0.177779,0.153526,22944.8,1918.03,39819.5,-74.9001,-36.5692
0.178149,0.153924,22947.7,1924.38,39804.9,-74.8388,-36.6381
0.17852,0.154322,22950.6,1930.69,39790.4,-74.778,-36.7065
0.17889,0.15472,22953.4,1936.97,39775.7,-74.7175,-36.7743
0.17926,0.155119,22956.3,1943.21,39761.1,-74.6574,-36.8415
0.179631,0.155517,22959.2,1949.41,39746.5,-74.5976,-36.9081
0.180001,0.155915,22962.1,1955.58,39731.8,-74.5382,-36.9741
0.180371,0.156313,22965,1961.71,39717.2,-74.4792,-37.0396
0.180742,0.156712,22967.8,1967.8,39702.5,-74.4206,-37.1045
0.181112,0.15711,22970.7,1973.86,39687.8,-74.3624,-37.1688
0.181483,0.157508,22973.6,1979.87,39673.1,-74.3045,-37.2324
0.181853,0.157906,22976.5,1985.85,39658.3,-74.247,-37.2955
0.182223,0.158305,22979.4,1991.79,39643.6,-74.1898,-37.3581
0.182594,0.158703,22982.2,1997.68,39628.8,-74.1331,-37.42
0.182964,0.159101,22985.1,2003.54,39614,-74.0767,-37.4813
0.183334,0.159499,22988,2009.35,39599.2,-74.0208,-37.542
0.183705,0.159898,22990.9,2015.12,39584.4,-73.9651,-37.602
0.184075,0.160296,22993.8,2020.85,39569.6,-73.9099,-37.6615
0.184445,0.160694,22996.6,2026.54,39554.8,-73.8551,-37.7204
0.184816,0.161092,22999.5,2032.18,39539.9,-73.8006,-37.7786
0.185186,0.161491,23002.4,2037.78,39525,-73.7466,-37.8363
0.185557,0.161889,23005.3,2043.33,39510.1,-73.6929,-37.8933
0.185927,0.162287,23008.2,2048.84,39495.2,-73.6396,-37.9496
0.186297,0.162685,23011,2054.3,39480.3,-73.5867,-38.0054
0.186668,0.163083,23013.9,2059.71,39465.3,-73.5342,-38.0605
0.187038,0.163482,23016.8,2065.08,39450.4,-73.482,-38.115
0.187408,0.16388,23019.6,2070.4,39435.4,-73.4303,-38.1688
0.187779,0.164278,23022.5,2075.68,39420.4,-73.379,-38.2221
0.188149,0.164676,23025.4,2080.9,39405.4,-73.328,-38.2746
0.188519,0.165075,23028.2,2086.08,39390.3,-73.2775,-38.3265
0.18889,0.165473,23031.1,2091.2,39375.3,-73.2273,-38.3778
0.18926,0.165871,23033.9,2096.28,39360.2,-73.1776,-38.4284
0.189631,0.166269,23036.8,2101.3,39345.1,-73.1282,-38.4784
0.190001,0.166668,23039.6,2106.27,39330,-73.0793,-38.5277
0.190371,0.167066,23042.5,2111.19,39314.9,-73.0307,-38.5764
0.190742,0.167464,23045.3,2116.06,39299.7,-72.9826,-38.6244
0.191112,0.167862,23048.2,2120.88,39284.6,-72.9348,-38.6717
0.191482,0.168261,23051,2125.64,39269.4,-72.8875,-38.7184
0.191853,0.168659,23053.8,2130.35,39254.2,-72.8405,-38.7644
0.192223,0.169057,23056.7,2135,39239,-72.794,-38.8097
0.192593,0.169455,23059.5,2139.6,39223.8,-72.7478,-38.8543
0.192964,0.169854,23062.3,2144.15,39208.5,-72.7021,-38.8983
0.193334,0.170252,23065.1,2148.63,39193.3,-72.6568,-38.9416
0.193705,0.17065,23067.9,2153.06,39178,-72.6119,-38.9842
0.194075,0.171048,23070.7,2157.44,39162.7,-72.5675,-39.0261
0.194445,0.171447,23073.5,2161.75,39147.4,-72.5234,-39.0673
0.194816,0.171845,23076.3,2166.01,39132,-72.4797,-39.1079
0.195186,0.172243,23079.1,2170.2,39116.7,-72.4365,-39.1477
0.195556,0.172641,23081.9,2174.34,39101.3,-72.3937,-39.1869
0.195927,0.17304,23084.7,2178.42,39085.9,-72.3513,-39.2253
0.196297,0.173438,23087.4,2182.44,39070.5,-72.3093,-39.263
0.196667,0.173836,23090.2,2186.4,39055.1,-72.2677,-39.3001
0.197038,0.174234,23093,2190.29,39039.7,-72.2266,-39.3364
0.197408,0.174632,23095.7,2194.09,39024.4,-72.1859,-39.372
0.197779,0.175031,23098.4,2197.76,39009.3,-72.1456,-39.4069
0.198149,0.175429,23101.2,2201.56,38993.5,-72.1058,-39.441
0.198519,0.175827,23103.9,2205.28,38977.8,-72.0664,-39.4745
0.19889,0.176225,23106.7,2208.93,38962.3,-72.0274,-39.5072
0.19926,0.176624,23109.4,2212.56,38946.8,-71.9888,-39.5392
0.19963,0.177022,23112.2,2216.15,38931.3,-71.9507,-39.5705
0.200001,0.17742,23114.9,2219.72,38915.8,-71.9131,-39.6012
0.200371,0.177818,23117.7,2223.26,38900.2,-71.8759,-39.6311
0.200741,0.178217,23120.5,2226.77,38884.7,-71.8391,-39.6603
0.201112,0.178615,23123.3,2230.27,38869.2,-71.8029,-39.6889
0.201482,0.179013,23126,2233.73,38853.7,-71.7671,-39.7168
0.201853,0.179411,23128.8,2237.16,38838.1,-71.7318,-39.744
0.202223,0.17981,23131.6,2240.58,38822.6,-71.697,-39.7706
0.202593,0.180208,23134.4,2243.96,38807,-71.6627,-39.7966
0.202964,0.180606,23137.2,2247.32,38791.5,-71.629,-39.8219
0.203334,0.181004,23140,2250.65,38775.9,-71.5957,-39.8466
0.203704,0.181403,23142.8,2253.96,38760.4,-71.5629,-39.8707
0.204075,0.181801,23145.6,2257.24,38744.8,-71.5307,-39.8942
0.204445,0.182199,23148.5,2260.5,38729.2,-71.499,-39.9171
0.204816,0.182597,23151.3,2263.74,38713.7,-71.4678,-39.9395
0.205186,0.182996,23154.1,2266.95,38698.1,-71.4371,-39.9612
0.205556,0.183394,23156.9,2270.13,38682.5,-71.407,-39.9824
0.205927,0.183792,23159.8,2273.29,38666.9,-71.3774,-40.0031
0.206297,0.18419,23162.6,2276.43,38651.3,-71.3483,-40.0232
0.206667,0.184589,23165.5,2279.54,38635.7,-71.3197,-40.0428
0.207038,0.184987,23168.3,2282.62,38620.1,-71.2916,-40.0618
0.207408,0.185385,23171.2,2285.69,38604.5,-71.2641,-40.0804
0.207778,0.185783,23174,2288.73,38588.9,-71.2371,-40.0984
0.208149,0.186181,23176.9,2291.75,38573.3,-71.2105,-40.1159
0.208519,0.18658,23179.8,2294.74,38557.7,-71.1845,-40.133
0.20889,0.186978,23182.6,2297.71,38542,-71.159,-40.1495
0.20926,0.187376,23185.5,2300.66,38526.4,-71.1341,-40.1656
0.20963,0.187774,23188.4,2303.59,38510.8,-71.1096,-40.1812
0.210001,0.188173,23191.3,2306.49,38495.2,-71.0856,-40.1963
0.210371,0.188571,23194.2,2309.37,38479.5,-71.0621,-40.211
0.210741,0.188969,23197.1,2312.23,38463.9,-71.0391,-40.2252
0.211112,0.189367,23199.9,2315.06,38448.3,-71.0166,-40.239
0.211482,0.189766,23202.8,2317.87,38432.6,-70.9945,-40.2523
0.211852,0.190164,23205.8,2320.66,38417,-70.973,-40.2653
0.212223,0.190562,23208.7,2323.43,38401.3,-70.9519,-40.2777
0.212593,0.19096,23211.6,2326.18,38385.7,-70.9313,-40.2898
0.212964,0.191359,23214.5,2328.9,38370,-70.9111,-40.3014
0.213334,0.191757,23217.4,2331.61,38354.4,-70.8914,-40.3127
0.213704,0.192155,23220.3,2334.29,38338.7,-70.8722,-40.3235
0.214075,0.192553,23223.3,2336.95,38323,-70.8534,-40.334
0.214445,0.192952,23226.2,2339.59,38307.4,-70.8351,-40.344
0.214815,0.19335,23229.1,2342.21,38291.7,-70.8172,-40.3536
0.215186,0.193748,23232.1,2344.8,38276,-70.7997,-40.3629
0.215556,0.194146,23235,2347.38,38260.3,-70.7827,-40.3718
0.215926,0.194545,23238,2349.94,38244.7,-70.7661,-40.3803
0.216297,0.194943,23240.9,2352.47,38229,-70.75,-40.3885
0.216667,0.195341,23243.9,2354.98,38213.3,-70.7343,-40.3963
0.217038,0.195739,23246.8,2357.48,38197.6,-70.7189,-40.4037
0.217408,0.196138,23249.8,2359.95,38181.9,-70.704,-40.4108
0.217778,0.196536,23252.8,2362.4,38166.2,-70.6896,-40.4176
0.218149,0.196934,23255.7,2364.84,38150.5,-70.6755,-40.424
0.218519,0.197332,23258.7,2367.25,38134.8,-70.6618,-40.43
0.218889,0.19773,23261.7,2369.64,38119.1,-70.6485,-40.4357
0.21926,0.198129,23264.7,2372.02,38103.4,-70.6356,-40.4411
0.21963,0.198527,23267.7,2374.37,38087.7,-70.6231,-40.4462
0.22,0.198925,23270.6,2376.7,38072,-70.611,-40.451
0.220371,0.199323,23273.6,2379.02,38056.3,-70.5992,-40.4554
0.220741,0.199722,23276.6,2381.31,38040.6,-70.5879,-40.4595
0.221112,0.20012,23279.6,2383.59,38024.9,-70.5769,-40.4633
0.221482,0.200518,23282.6,2385.84,38009.2,-70.5663,-40.4668
0.221852,0.200916,23285.6,2388.08,37993.5,-70.556,-40.47
0.222223,0.201315,23288.6,2390.3,37977.8,-70.5461,-40.4729
0.222593,0.201713,23291.7,2392.5,37962,-70.5365,-40.4756
0.222963,0.202111,23294.7,2394.68,37946.3,-70.5274,-40.4779
0.223334,0.202509,23297.7,2396.84,37930.6,-70.5185,-40.4799
0.223704,0.202908,23300.7,2398.98,37914.9,-70.51,-40.4817
0.224074,0.203306,23303.8,2401.11,37899.1,-70.5019,-40.4832
0.224445,0.203704,23306.8,2403.21,37883.4,-70.494,-40.4844
0.224815,0.204102,23309.8,2405.3,37867.7,-70.4865,-40.4853
0.225186,0.204501,23312.9,2407.37,37851.9,-70.4794,-40.486
0.225556,0.204899,23315.9,2409.42,37836.2,-70.4726,-40.4864
0.225926,0.205297,23318.9,2411.45,37820.5,-70.4661,-40.4865
0.226297,0.205695,23322,2413.47,37804.7,-70.4599,-40.4864
0.226667,0.206094,23325,2415.46,37789,-70.454,-40.486
0.227037,0.206492,23328.1,2417.44,37773.2,-70.4485,-40.4854
0.227408,0.20689,23331.2,2419.4,37757.5,-70.4432,-40.4845
0.227778,0.207288,23334.2,2421.35,37741.8,-70.4383,-40.4834
0.228148,0.207687,23337.3,2423.27,37726,-70.4336,-40.4821
0.228519,0.208085,23340.4,2425.18,37710.3,-70.4293,-40.4805
0.228889,0.208483,23343.4,2427.07,37694.5,-70.4253,-40.4787
0.22926,0.208881,23346.5,2428.94,37678.8,-70.4215,-40.4766
0.22963,0.20928,23349.6,2430.8,37663,-70.418,-40.4743
0.23,0.209678,23352.7,2432.64,37647.3,-70.4149,-40.4718
0.230371,0.210076,23355.8,2434.46,37631.5,-70.412,-40.4691
0.230741,0.210474,23358.8,2436.26,37615.8,-70.4094,-40.4661
0.231111,0.210872,23361.9,2438.05,37600,-70.407,-40.463
0.231482,0.211271,23365,2439.82,37584.2,-70.405,-40.4596
0.231852,0.211669,23368.1,2441.57,37568.5,-70.4032,-40.456
0.232222,0.212067,23371.2,2443.31,37552.7,-70.4016,-40.4522
0.232593,0.212465,23374.3,2445.03,37537,-70.4004,-40.4482
0.232963,0.212864,23377.4,2446.73,37521.2,-70.3994,-40.444
0.233334,0.213262,23380.6,2448.42,37505.4,-70.3995,-40.4396
0.233704,0.21366,23383.7,2450.09,37489.7,-70.3995,-40.435
0.234074,0.214058,23386.8,2451.74,37473.9,-70.3997,-40.4302
0.234445,0.214457,23389.9,2453.38,37458.1,-70.4,-40.4252
0.234815,0.214855,23393,2455,37442.4,-70.4005,-40.42
0.235185,0.215253,23396.2,2456.6,37426.6,-70.4011,-40.4147
0.235556,0.215651,23399.3,2458.19,37410.8,-70.4019,-40.4092
0.235926,0.21605,23402.4,2459.76,37395,-70.4028,-40.4034
0.236297,0.216448,23405.6,2461.32,37379.3,-70.404,-40.3975
0.236667,0.216846,23408.7,2462.86,37363.5,-70.4054,-40.3915
0.237037,0.217244,23411.8,2464.38,37347.7,-70.407,-40.3852
0.237408,0.217643,23415,2465.89,37332,-70.4088,-40.3788
0.237778,0.218041,23418.1,2467.38,37316.2,-70.4108,-40.3722
0.238148,0.218439,23421.3,2468.86,37300.4,-70.413,-40.3655
0.238519,0.218837,23424.4,2470.32,37284.6,-70.4155,-40.3585
0.238889,0.219236,23427.6,2471.77,37268.8,-70.4181,-40.3515
0.239259,0.219634,23430.8,2473.2,37253.1,-70.421,-40.3442
0.23963,0.220032,23433.9,2474.61,37237.3,-70.4241,-40.3368
0.24,0.22043,23437.1,2476.01,37221.5,-70.4274,-40.3293
0.240371,0.220829,23440.3,2477.39,37205.7,-70.4309,-40.3216
0.240741,0.221227,23443.4,2478.76,37189.9,-70.4346,-40.3138
0.241111,0.221625,23446.6,2480.11,37174.2,-70.4386,-40.3058
0.241482,0.222023,23449.8,2481.45,37158.4,-70.4427,-40.2977
0.241852,0.222421,23453,2482.77,37142.6,-70.447,-40.2894
0.242222,0.22282,23456.2,2484.08,37126.8,-70.4515,-40.281
0.242593,0.223218,23459.4,2485.37,37111,-70.4563,-40.2724
0.242963,0.223616,23462.5,2486.64,37095.2,-70.4612,-40.2638
0.243333,0.224014,23465.7,2487.91,37079.4,-70.4663,-40.2549
0.243704,0.224413,23468.9,2489.15,37063.7,-70.4716,-40.246
0.244074,0.224811,23472.1,2490.38,37047.9,-70.477,-40.2369
0.244445,0.225209,23475.3,2491.6,37032.1,-70.4827,-40.2277
0.244815,0.225607,23478.6,2492.8,37016.3,-70.4885,-40.2184
0.245185,0.226006,23481.8,2493.99,37000.5,-70.4945,-40.209
0.245556,0.226404,23485,2495.16,36984.7,-70.5007,-40.1994
0.245926,0.226802,23488.2,2496.32,36968.9,-70.5071,-40.1898
0.246296,0.2272,23491.4,2497.46,36953.1,-70.5136,-40.18
0.246667,0.227599,23494.6,2498.59,36937.3,-70.5203,-40.1701
0.247037,0.227997,23497.9,2499.71,36921.5,-70.5271,-40.1601
0.247407,0.228395,23501.1,2500.81,36905.7,-70.5342,-40.1499
0.247778,0.228793,23504.3,2501.89,36890,-70.5413,-40.1397
0.248148,0.229192,23507.6,2502.97,36874.2,-70.5487,-40.1294
0.248519,0.22959,23510.8,2504.02,36858.4,-70.5562,-40.1189
0.248889,0.229988,23514,2505.07,36842.6,-70.5638,-40.1084
0.249259,0.230386,23517.3,2506.09,36826.8,-70.5716,-40.0978
0.24963,0.230785,23520.5,2507.11,36811,-70.5795,-40.0871
0.25,0.231183,23523.8,2508.11,36795.2,-70.5876,-40.0763
0.25037,0.231581,23527,2509.09,36779.4,-70.5958,-40.0653
0.250741,0.231979,23530.3,2510.07,36763.6,-70.6041,-40.0544
0.251111,0.232378,23533.5,2511.02,36747.8,-70.6126,-40.0433
0.251481,0.232776,23536.8,2511.97,36732,-70.6213,-40.0321
0.251852,0.233174,23540.1,2512.9,36716.2,-70.63,-40.0209
0.252222,0.233572,23543.3,2513.82,36700.4,-70.6389,-40.0095
0.252593,0.233971,23546.6,2514.72,36684.6,-70.6479,-39.9981
0.252963,0.234369,23549.9,2515.61,36668.8,-70.6571,-39.9866
0.253333,0.234767,23553.1,2516.48,36653,-70.6663,-39.9751
0.253704,0.235165,23556.4,2517.34,36637.2,-70.6757,-39.9634
0.254074,0.235563,23559.7,2518.19,36621.4,-70.6852,-39.9517
0.254444,0.235962,23563,2519.02,36605.6,-70.6948,-39.94
0.254815,0.23636,23566.3,2519.84,36589.8,-70.7046,-39.9281
0.255185,0.236758,23569.6,2520.65,36574,-70.7144,-39.9162
0.255555,0.237156,23572.8,2521.44,36558.2,-70.7244,-39.9043
0.255926,0.237555,23576.1,2522.22,36542.4,-70.7345,-39.8922
0.256296,0.237953,23579.4,2522.99,36526.6,-70.7446,-39.8801
0.256667,0.238351,23582.7,2523.74,36510.8,-70.7549,-39.868
0.257037,0.238749,23586,2524.48,36495,-70.7653,-39.8558
0.257407,0.239148,23589.4,2525.21,36479.2,-70.7758,-39.8436
0.257778,0.239546,23592.7,2525.92,36463.5,-70.7864,-39.8313
0.258148,0.239944,23596,2526.62,36447.7,-70.797,-39.8189
0.258518,0.240342,23599.3,2527.31,36431.9,-70.8078,-39.8065
0.258889,0.240741,23602.6,2527.98,36416.1,-70.8187,-39.7941
0.259259,0.241139,23605.9,2528.64,36400.3,-70.8296,-39.7816
0.259629,0.241537,23609.3,2529.29,36384.5,-70.8407,-39.7691
0.26,0.241935,23612.6,2529.92,36368.7,-70.8518,-39.7565
0.26037,0.242334,23615.9,2530.54,36352.9,-70.863,-39.7439
0.260741,0.242732,23619.2,2531.15,36337.1,-70.8743,-39.7313
0.261111,0.24313,23622.6,2531.74,36321.3,-70.8857,-39.7186
0.261481,0.243528,23625.9,2532.32,36305.5,-70.8971,-39.7059
0.261852,0.243927,23629.3,2532.89,36289.7,-70.9086,-39.6932
0.262222,0.244325,23632.6,2533.45,36273.9,-70.9202,-39.6805
0.262592,0.244723,23636,2533.99,36258.1,-70.9319,-39.6677
0.262963,0.245121,23639.3,2534.52,36242.3,-70.9436,-39.6549
0.263333,0.24552,23642.7,2535.03,36226.5,-70.9555,-39.6421
0.263703,0.245918,23646,2535.54,36210.7,-70.9673,-39.6293
0.264074,0.246316,23649.4,2536.03,36194.9,-70.9793,-39.6164
0.264444,0.246714,23652.7,2536.51,36179.1,-70.9913,-39.6036
0.264815,0.247112,23656.1,2536.97,36163.3,-71.0033,-39.5907
0.265185,0.247511,23659.5,2537.43,36147.5,-71.0154,-39.5778
0.265555,0.247909,23662.8,2537.87,36131.7,-71.0276,-39.5649
0.265926,0.248307,23666.2,2538.29,36115.9,-71.0399,-39.552
0.266296,0.248705,23669.6,2538.71,36100.1,-71.0521,-39.5391
0.266666,0.249104,23673,2539.11,36084.3,-71.0645,-39.5262
0.267037,0.249502,23676.4,2539.5,36068.5,-71.0768,-39.5133
0.267407,0.2499,23679.7,2539.88,36052.7,-71.0893,-39.5004
0.267778,0.250298,23683.1,2540.24,36037,-71.1017,-39.4875
0.268148,0.250697,23686.5,2540.59,36021.2,-71.1142,-39.4746
0.268518,0.251095,23689.9,2540.93,36005.4,-71.1268,-39.4617
0.268889,0.251493,23693.3,2541.26,35989.6,-71.1394,-39.4488
0.269259,0.251891,23696.7,2541.57,35973.8,-71.152,-39.436
0.269629,0.25229,23700.1,2541.87,35958,-71.1647,-39.4231
0.27,0.252688,23703.5,2542.16,35942.2,-71.1774,-39.4103
0.27037,0.253086,23706.9,2542.44,35926.4,-71.1901,-39.3975
0.27074,0.253484,23710.3,2542.71,35910.6,-71.2028,-39.3847
0.271111,0.253883,23713.8,2542.96,35894.8,-71.2156,-39.3719
0.271481,0.254281,23717.2,2543.2,35879,-71.2284,-39.3591
0.271852,0.254679,23720.6,2543.43,35863.3,-71.2412,-39.3464
0.272222,0.255077,23724,2543.64,35847.5,-71.2541,-39.3337
0.272592,0.255476,23727.4,2543.84,35831.7,-71.267,-39.3211
0.272963,0.255874,23730.9,2544.03,35815.9,-71.2798,-39.3084
0.273333,0.256272,23734.3,2544.21,35800.1,-71.2927,-39.2959
0.273703,0.25667,23737.7,2544.38,35784.3,-71.3057,-39.2833
0.274074,0.257069,23741.2,2544.53,35768.5,-71.3186,-39.2708
0.274444,0.257467,23744.6,2544.67,35752.8,-71.3315,-39.2583
0.274814,0.257865,23748.1,2544.8,35737,-71.3445,-39.2459
0.275185,0.258263,23751.5,2544.92,35721.2,-71.3574,-39.2335
0.275555,0.258661,23755,2545.03,35705.4,-71.3704,-39.2211
0.275926,0.25906,23758.4,2545.12,35689.6,-71.3833,-39.2089
0.276296,0.259458,23761.9,2545.2,35673.8,-71.3963,-39.1966
0.276666,0.259856,23765.3,2545.27,35658.1,-71.4092,-39.1844
0.277037,0.260254,23768.8,2545.33,35642.3,-71.4222,-39.1723
0.277407,0.260653,23772.3,2545.37,35626.5,-71.4351,-39.1603
0.277777,0.261051,23775.7,2545.41,35610.7,-71.448,-39.1482
0.278148,0.261449,23779.2,2545.43,35594.9,-71.461,-39.1363
0.278518,0.261847,23782.7,2545.44,35579.2,-71.4739,-39.1244
0.278888,0.262246,23786.2,2545.43,35563.4,-71.4868,-39.1126
0.279259,0.262644,23789.6,2545.42,35547.6,-71.4997,-39.1009
0.279629,0.263042,23793.1,2545.39,35531.8,-71.5125,-39.0892
0.28,0.26344,23796.6,2545.35,35516.1,-71.5254,-39.0776
0.28037,0.263839,23800.1,2545.3,35500.3,-71.5382,-39.0661
0.28074,0.264237,23803.6,2545.24,35484.5,-71.551,-39.0547
0.281111,0.264635,23807.1,2545.16,35468.7,-71.5638,-39.0433
0.281481,0.265033,23810.6,2545.07,35453,-71.5765,-39.032
0.281851,0.265432,23814.1,2544.97,35437.2,-71.5892,-39.0209
0.282222,0.26583,23817.6,2544.86,35421.4,-71.6019,-39.0098
0.282592,0.266228,23821.1,2544.74,35405.6,-71.6146,-38.9988
0.282962,0.266626,23824.6,2544.61,35389.9,-71.6272,-38.9878
0.283333,0.267025,23828.1,2544.46,35374.1,-71.6398,-38.977
0.283703,0.267423,23831.7,2544.3,35358.3,-71.6523,-38.9663
0.284074,0.267821,23835.2,2544.13,35342.6,-71.6648,-38.9557
0.284444,0.268219,23838.7,2543.95,35326.8,-71.6773,-38.9452
0.284814,0.268618,23842.2,2543.75,35311,-71.6897,-38.9348
0.285185,0.269016,23845.8,2543.55,35295.3,-71.702,-38.9244
0.285555,0.269414,23849.3,2543.33,35279.5,-71.7144,-38.9143
0.285925,0.269812,23852.8,2543.1,35263.7,-71.7266,-38.9042
0.286296,0.27021,23856.4,2542.86,35248,-71.7388,-38.8942
0.286666,0.270609,23859.9,2542.6,35232.2,-71.751,-38.8844
0.287036,0.271007,23863.5,2542.34,35216.5,-71.7631,-38.8746
0.287407,0.271405,23867,2542.06,35200.7,-71.7751,-38.865
0.287777,0.271803,23870.6,2541.77,35184.9,-71.7871,-38.8555
0.288148,0.272202,23874.1,2541.47,35169.2,-71.799,-38.8462
0.288518,0.2726,23877.7,2541.16,35153.4,-71.8108,-38.837
0.288888,0.272998,23881.2,2540.84,35137.7,-71.8226,-38.8279
0.289259,0.273396,23884.8,2540.5,35121.9,-71.8343,-38.8189
0.289629,0.273795,23888.4,2540.15,35106.2,-71.8459,-38.8101
0.289999,0.274193,23891.9,2539.79,35090.4,-71.8574,-38.8014
0.29037,0.274591,23895.5,2539.42,35074.7,-71.8689,-38.7929
0.29074,0.274989,23899.1,2539.04,35058.9,-71.8803,-38.7845
0.29111,0.275388,23902.7,2538.64,35043.2,-71.8916,-38.7762
0.291481,0.275786,23906.3,2538.24,35027.4,-71.9028,-38.7682
0.291851,0.276184,23909.8,2537.82,35011.7,-71.9139,-38.7602
0.292222,0.276582,23913.4,2537.39,34995.9,-71.925,-38.7524
0.292592,0.276981,23917,2536.94,34980.2,-71.936,-38.7448
0.292962,0.277379,23920.6,2536.49,34964.4,-71.9468,-38.7373
0.293333,0.277777,23924.2,2536.02,34948.7,-71.9576,-38.73
0.293703,0.278175,23927.8,2535.55,34932.9,-71.9683,-38.7229
0.294073,0.278574,23931.4,2535.06,34917.2,-71.9788,-38.7159
0.294444,0.278972,23935.1,2534.56,34901.5,-71.9893,-38.7091
0.294814,0.27937,23938.7,2534.04,34885.7,-71.9997,-38.7025
0.295184,0.279768,23942.3,2533.52,34870,-72.0099,-38.6961
0.295555,0.280167,23945.9,2532.98,34854.2,-72.0201,-38.6898
0.295925,0.280565,23949.5,2532.43,34838.5,-72.0301,-38.6838
0.296296,0.280963,23953.2,2531.87,34822.8,-72.0401,-38.6779
0.296666,0.281361,23956.8,2531.3,34807,-72.0499,-38.6722
0.297036,0.281759,23960.4,2530.72,34791.3,-72.0596,-38.6667
0.297407,0.282158,23964.1,2530.12,34775.6,-72.0691,-38.6614
0.297777,0.282556,23967.7,2529.51,34759.9,-72.0786,-38.6562
0.298147,0.282954,23971.4,2528.89,34744.1,-72.0879,-38.6513
0.298518,0.283352,23975,2528.26,34728.4,-72.0971,-38.6466
0.298888,0.283751,23978.7,2527.62,34712.7,-72.1062,-38.6421
0.299259,0.284149,23982.3,2526.96,34697,-72.1151,-38.6378
0.299629,0.284547,23986,2526.29,34681.2,-72.1239,-38.6338
0.299999,0.284945,23989.6,2525.61,34665.5,-72.1326,-38.6299
0.30037,0.285344,23993.3,2524.92,34649.8,-72.1411,-38.6263
0.30074,0.285742,23997,2524.22,34634.1,-72.1495,-38.6229
0.30111,0.28614,24000.7,2523.51,34618.4,-72.1577,-38.6197
0.301481,0.286538,24004.3,2522.78,34602.6,-72.1658,-38.6167
0.301851,0.286937,24008,2522.04,34586.9,-72.1737,-38.614
0.302221,0.287335,24011.7,2521.29,34571.2,-72.1815,-38.6115
0.302592,0.287733,24015.4,2520.53,34555.5,-72.1891,-38.6092
0.302962,0.288131,24019.1,2519.75,34539.8,-72.1966,-38.6072
0.303333,0.28853,24022.8,2518.97,34524.1,-72.2039,-38.6054
0.303703,0.288928,24026.5,2518.17,34508.4,-72.211,-38.6039
0.304073,0.289326,24030.2,2517.35,34492.7,-72.218,-38.6026
0.304444,0.289724,24033.9,2516.53,34477,-72.2248,-38.6016
0.304814,0.290123,24037.6,2515.7,34461.3,-72.2315,-38.6008
0.305184,0.290521,24041.3,2514.85,34445.6,-72.2379,-38.6003
0.305555,0.290919,24045,2513.99,34429.9,-72.2442,-38.6001
0.305925,0.291317,24048.8,2513.12,34414.2,-72.2503,-38.6001
0.306295,0.291716,24052.5,2512.24,34398.5,-72.2562,-38.6004
0.306666,0.292114,24056.2,2511.34,34382.8,-72.2619,-38.601
0.307036,0.292512,24060,2510.43,34367.1,-72.2675,-38.6019
0.307407,0.29291,24063.7,2509.51,34351.4,-72.2728,-38.603
0.307777,0.293308,24067.4,2508.58,34335.7,-72.278,-38.6045
0.308147,0.293707,24071.2,2507.64,34320,-72.2829,-38.6062
0.308518,0.294105,24074.9,2506.68,34304.3,-72.2877,-38.6082
0.308888,0.294503,24078.7,2505.71,34288.6,-72.2922,-38.6105
0.309258,0.294901,24082.5,2504.73,34273,-72.2966,-38.6131
0.309629,0.2953,24086.2,2503.74,34257.3,-72.3007,-38.616
0.309999,0.295698,24090,2502.73,34241.6,-72.3046,-38.6192
0.310369,0.296096,24093.8,2501.71,34225.9,-72.3083,-38.6227
0.31074,0.296494,24097.5,2500.68,34210.3,-72.3118,-38.6266
0.31111,0.296893,24101.4,2499.61,34194.2,-72.3151,-38.6307
0.311481,0.297291,24105.1,2498.56,34178.7,-72.3181,-38.6352
0.311851,0.297689,24108.9,2497.48,34163.2,-72.3209,-38.64
0.312221,0.298087,24112.7,2496.37,34147.6,-72.3235,-38.6451
0.312592,0.298486,24116.5,2495.23,34131.9,-72.3259,-38.6505
0.312962,0.298884,24120.3,2494.07,34116.3,-72.3281,-38.6563
0.313332,0.299282,24124.1,2492.88,34100.6,-72.33,-38.6623
0.313703,0.29968,24127.9,2491.67,34085,-72.3318,-38.6686
0.314073,0.300079,24131.7,2490.43,34069.3,-72.3334,-38.6752
0.314443,0.300477,24135.6,2489.18,34053.7,-72.3348,-38.6821
0.314814,0.300875,24139.4,2487.89,34038,-72.3361,-38.6892
0.315184,0.301273,24143.2,2486.59,34022.4,-72.3372,-38.6966
0.315555,0.301672,24147.1,2485.26,34006.7,-72.3381,-38.7042
0.315925,0.30207,24150.9,2483.91,33991.1,-72.3389,-38.712
0.316295,0.302468,24154.8,2482.53,33975.5,-72.3396,-38.7201
0.316666,0.302866,24158.6,2481.13,33959.9,-72.3401,-38.7284
0.317036,0.303265,24162.5,2479.71,33944.2,-72.3402,-38.7369
0.317406,0.303663,24166.4,2478.27,33928.6,-72.3402,-38.7457
0.317777,0.304061,24170.3,2476.8,33913,-72.3402,-38.7546
0.318147,0.304459,24174.1,2475.31,33897.4,-72.3401,-38.7637
0.318517,0.304857,24178,2473.79,33881.8,-72.34,-38.773
0.318888,0.305256,24181.9,2472.26,33866.2,-72.3399,-38.7825
0.319258,0.305654,24185.8,2470.7,33850.6,-72.3396,-38.7922
0.319629,0.306052,24189.7,2469.12,33835,-72.3394,-38.802
0.319999,0.30645,24193.6,2467.51,33819.4,-72.3391,-38.8121
0.320369,0.306849,24197.5,2465.89,33803.8,-72.3387,-38.8223
0.32074,0.307247,24201.5,2464.24,33788.2,-72.3382,-38.8326
0.32111,0.307645,24205.4,2462.57,33772.6,-72.3377,-38.8431
0.32148,0.308043,24209.3,2460.88,33757,-72.3372,-38.8538
0.321851,0.308442,24213.2,2459.16,33741.5,-72.3365,-38.8646
0.322221,0.30884,24217.2,2457.43,33725.9,-72.3358,-38.8756
0.322591,0.309238,24221.1,2455.67,33710.3,-72.3351,-38.8867
0.322962,0.309636,24225.1,2453.89,33694.7,-72.3343,-38.898
0.323332,0.310035,24229,2452.09,33679.2,-72.3334,-38.9094
0.323703,0.310433,24233,2450.27,33663.6,-72.3325,-38.921
0.324073,0.310831,24236.9,2448.42,33648.1,-72.3315,-38.9327
0.324443,0.311229,24240.9,2446.56,33632.5,-72.3305,-38.9446
0.324814,0.311628,24244.8,2444.67,33617,-72.3294,-38.9565
0.325184,0.312026,24248.8,2442.76,33601.4,-72.3282,-38.9687
0.325554,0.312424,24252.8,2440.84,33585.9,-72.327,-38.9809
0.325925,0.312822,24256.8,2438.89,33570.3,-72.3258,-38.9933
0.326295,0.313221,24260.8,2436.92,33554.8,-72.3245,-39.0059
0.326665,0.313619,24264.8,2434.93,33539.3,-72.3231,-39.0185
0.327036,0.314017,24268.8,2432.92,33523.8,-72.3217,-39.0313
0.327406,0.314415,24272.8,2430.89,33508.2,-72.3203,-39.0443
0.327777,0.314814,24276.8,2428.84,33492.7,-72.3188,-39.0573
0.328147,0.315212,24280.8,2426.77,33477.2,-72.3172,-39.0705
0.328517,0.31561,24284.8,2424.67,33461.7,-72.3156,-39.0838
0.328888,0.316008,24288.8,2422.56,33446.2,-72.314,-39.0973
0.329258,0.316407,24292.8,2420.43,33430.7,-72.3123,-39.1109
0.329628,0.316805,24296.8,2418.28,33415.2,-72.3106,-39.1246
0.329999,0.317203,24300.9,2416.11,33399.7,-72.3089,-39.1384
0.330369,0.317601,24304.9,2413.92,33384.2,-72.3071,-39.1523
0.330739,0.317999,24308.9,2411.71,33368.7,-72.3052,-39.1664
0.33111,0.318398,24313,2409.48,33353.2,-72.3033,-39.1806
0.33148,0.318796,24317,2407.23,33337.8,-72.3014,-39.1949
0.331851,0.319194,24321.1,2404.96,33322.3,-72.2995,-39.2094
0.332221,0.319592,24325.1,2402.68,33306.8,-72.2975,-39.2239
0.332591,0.319991,24329.2,2400.37,33291.4,-72.2954,-39.2386
0.332962,0.320389,24333.3,2398.05,33275.9,-72.2934,-39.2534
0.333332,0.320787,24337.3,2395.7,33260.4,-72.2912,-39.2683
0.333702,0.321185,24341.4,2393.34,33245,-72.2891,-39.2834
0.334073,0.321584,24345.5,2390.96,33229.5,-72.2869,-39.2985
0.334443,0.321982,24349.6,2388.56,33214.1,-72.2847,-39.3138
0.334814,0.32238,24353.6,2386.15,33198.6,-72.2824,-39.3292
0.335184,0.322778,24357.7,2383.71,33183.2,-72.2801,-39.3447
0.335554,0.323177,24361.8,2381.26,33167.8,-72.2778,-39.3603
0.335925,0.323575,24365.9,2378.79,33152.3,-72.2754,-39.376
0.336295,0.323973,24370,2376.3,33136.9,-72.273,-39.3919
0.336665,0.324371,24374.1,2373.79,33121.5,-72.2706,-39.4078
0.337036,0.32477,24378.2,2371.27,33106,-72.2681,-39.4239
0.337406,0.325168,24382.3,2368.73,33090.6,-72.2656,-39.4401
0.337776,0.325566,24386.4,2366.17,33075.2,-72.2631,-39.4564
0.338147,0.325964,24390.5,2363.59,33059.8,-72.2605,-39.4728
0.338517,0.326363,24394.7,2361,33044.4,-72.2579,-39.4893
0.338888,0.326761,24398.8,2358.39,33029,-72.2553,-39.506
0.339258,0.327159,24402.9,2355.76,33013.6,-72.2526,-39.5227
0.339628,0.327557,24407,2353.11,32998.2,-72.2499,-39.5396
0.339999,0.327956,24411.2,2350.45,32982.8,-72.2472,-39.5565
0.340369,0.328354,24415.3,2347.77,32967.4,-72.2445,-39.5736
0.340739,0.328752,24419.4,2345.08,32952,-72.2417,-39.5907
0.34111,0.32915,24423.6,2342.37,32936.7,-72.2389,-39.608
0.34148,0.329548,24427.7,2339.64,32921.3,-72.236,-39.6254
0.34185,0.329947,24431.9,2336.9,32905.9,-72.2331,-39.6429
0.342221,0.330345,24436,2334.14,32890.5,-72.2302,-39.6605
0.342591,0.330743,24440.2,2331.36,32875.2,-72.2273,-39.6782
0.342962,0.331141,24444.3,2328.57,32859.8,-72.2244,-39.696
0.343332,0.33154,24448.5,2325.76,32844.5,-72.2214,-39.7139
0.343702,0.331938,24452.7,2322.94,32829.1,-72.2184,-39.7319
0.344073,0.332336,24456.8,2320.1,32813.8,-72.2153,-39.75
0.344443,0.332734,24461,2317.25,32798.4,-72.2122,-39.7682
0.344813,0.333133,24465.2,2314.38,32783.1,-72.2092,-39.7865
0.345184,0.333531,24469.4,2311.49,32767.7,-72.206,-39.8049
0.345554,0.333929,24473.5,2308.6,32752.4,-72.2029,-39.8234
0.345924,0.334327,24477.7,2305.68,32737.1,-72.1997,-39.842
0.346295,0.334726,24481.9,2302.75,32721.7,-72.1965,-39.8607
0.346665,0.335124,24486.1,2299.81,32706.4,-72.1933,-39.8795
0.347036,0.335522,24490.3,2296.85,32691.1,-72.19,-39.8984
0.347406,0.33592,24494.5,2293.88,32675.8,-72.1868,-39.9174
0.347776,0.336319,24498.7,2290.89,32660.5,-72.1835,-39.9365
0.348147,0.336717,24502.9,2287.89,32645.2,-72.1801,-39.9557
0.348517,0.337115,24507.1,2284.87,32629.9,-72.1768,-39.975
0.348887,0.337513,24511.3,2281.84,32614.6,-72.1734,-39.9943
0.349258,0.337912,24515.5,2278.8,32599.3,-72.1701,-40.0138
0.349628,0.33831,24519.7,2275.74,32584,-72.1666,-40.0333
0.349998,0.338708,24523.9,2272.67,32568.7,-72.1632,-40.053
0.350369,0.339106,24528.1,2269.59,32553.4,-72.1598,-40.0727
0.350739,0.339505,24532.4,2266.49,32538.1,-72.1563,-40.0925
0.35111,0.339903,24536.6,2263.38,32522.8,-72.1528,-40.1125
0.35148,0.340301,24540.8,2260.25,32507.5,-72.1493,-40.1325
0.35185,0.340699,24545,2257.11,32492.3,-72.1457,-40.1525
0.352221,0.341097,24549.3,2253.96,32477,-72.1422,-40.1727
0.352591,0.341496,24553.5,2250.8,32461.7,-72.1386,-40.193
0.352961,0.341894,24557.7,2247.62,32446.5,-72.135,-40.2133
0.353332,0.342292,24562,2244.43,32431.2,-72.1314,-40.2338
0.353702,0.34269,24566.2,2241.23,32415.9,-72.1277,-40.2543
0.354072,0.343089,24570.5,2238.02,32400.7,-72.1241,-40.2749
0.354443,0.343487,24574.7,2234.79,32385.4,-72.1204,-40.2956
0.354813,0.343885,24578.9,2231.55,32370.2,-72.1167,-40.3164
0.355184,0.344283,24583.2,2228.3,32354.9,-72.113,-40.3372
0.355554,0.344682,24587.4,2225.04,32339.7,-72.1093,-40.3582
0.355924,0.34508,24591.7,2221.77,32324.5,-72.1056,-40.3792
0.356295,0.345478,24596,2218.48,32309.2,-72.1018,-40.4003
0.356665,0.345876,24600.2,2215.18,32294,-72.098,-40.4214
0.357035,0.346275,24604.5,2211.87,32278.8,-72.0943,-40.4427
0.357406,0.346673,24608.7,2208.55,32263.5,-72.0905,-40.464
0.357776,0.347071,24613,2205.22,32248.3,-72.0866,-40.4854
0.358146,0.347469,24617.3,2201.88,32233.1,-72.0828,-40.5069
0.358517,0.347868,24621.5,2198.52,32217.9,-72.079,-40.5285
0.358887,0.348266,24625.8,2195.16,32202.7,-72.0751,-40.5501
0.359258,0.348664,24630.1,2191.78,32187.4,-72.0712,-40.5718
0.359628,0.349062,24634.3,2188.4,32172.2,-72.0674,-40.5936
0.359998,0.349461,24638.6,2185,32157,-72.0635,-40.6155
0.360369,0.349859,24642.9,2181.59,32141.8,-72.0596,-40.6374
0.360739,0.350257,24647.2,2178.18,32126.6,-72.0556,-40.6594
0.361109,0.350655,24651.5,2174.75,32111.4,-72.0517,-40.6815
0.36148,0.351054,24655.8,2171.31,32096.2,-72.0478,-40.7037
0.36185,0.351452,24660,2167.86,32081,-72.0438,-40.7259
0.36222,0.35185,24664.3,2164.41,32065.9,-72.0398,-40.7482
0.362591,0.352248,24668.6,2160.94,32050.7,-72.0359,-40.7705
0.362961,0.352646,24672.9,2157.46,32035.5,-72.0319,-40.7929
0.363332,0.353045,24677.2,2153.97,32020.3,-72.0279,-40.8154
0.363702,0.353443,24681.5,2150.48,32005.1,-72.0239,-40.838
0.364072,0.353841,24685.8,2146.97,31990,-72.0199,-40.8606
0.364443,0.354239,24690.1,2143.46,31974.8,-72.0158,-40.8833
0.364813,0.354638,24694.4,2139.94,31959.6,-72.0118,-40.9061
0.365183,0.355036,24698.7,2136.4,31944.4,-72.0078,-40.9289
0.365554,0.355434,24703,2132.86,31929.3,-72.0037,-40.9518
0.365924,0.355832,24707.3,2129.31,31914.1,-71.9997,-40.9747
0.366295,0.356231,24711.6,2125.76,31899,-71.9956,-40.9977
0.366665,0.356629,24715.9,2122.19,31883.8,-71.9916,-41.0208
0.367035,0.357027,24720.2,2118.62,31868.6,-71.9875,-41.0439
0.367406,0.357425,24724.5,2115.03,31853.5,-71.9834,-41.0671
0.367776,0.357824,24728.8,2111.44,31838.3,-71.9793,-41.0903
0.368146,0.358222,24733.2,2107.84,31823.2,-71.9753,-41.1136
0.368517,0.35862,24737.5,2104.23,31808,-71.9712,-41.137
0.368887,0.359018,24741.8,2100.62,31792.9,-71.9671,-41.1604
0.369257,0.359417,24746.1,2097,31777.8,-71.963,-41.1839
0.369628,0.359815,24750.4,2093.37,31762.6,-71.9589,-41.2074
0.369998,0.360213,24754.7,2089.73,31747.5,-71.9548,-41.231
0.370369,0.360611,24759.1,2086.09,31732.3,-71.9507,-41.2546
0.370739,0.36101,24763.4,2082.44,31717.2,-71.9466,-41.2783
0.371109,0.361408,24767.7,2078.78,31702.1,-71.9425,-41.3021
0.37148,0.361806,24772,2075.11,31687,-71.9384,-41.3258
0.37185,0.362204,24776.3,2071.44,31671.8,-71.9343,-41.3497
0.37222,0.362603,24780.7,2067.76,31656.7,-71.9302,-41.3736
0.372591,0.363001,24785,2064.08,31641.6,-71.9261,-41.3975
0.372961,0.363399,24789.3,2060.39,31626.5,-71.922,-41.4215
0.373331,0.363797,24793.7,2056.69,31611.3,-71.9179,-41.4456
0.373702,0.364195,24798,2052.99,31596.2,-71.9138,-41.4697
0.374072,0.364594,24802.3,2049.28,31581.1,-71.9097,-41.4938
0.374443,0.364992,24806.7,2045.56,31566,-71.9055,-41.518
0.374813,0.36539,24811,2041.84,31550.9,-71.9015,-41.5422
0.375183,0.365788,24815.3,2038.11,31535.8,-71.8974,-41.5665
0.375554,0.366187,24819.7,2034.38,31520.7,-71.8933,-41.5908
0.375924,0.366585,24824,2030.64,31505.5,-71.8892,-41.6151
0.376294,0.366983,24828.3,2026.9,31490.4,-71.8851,-41.6395
0.376665,0.367381,24832.7,2023.15,31475.3,-71.881,-41.664
0.377035,0.36778,24837,2019.39,31460.2,-71.8769,-41.6884
0.377405,0.368178,24841.4,2015.64,31445.1,-71.8728,-41.713
0.377776,0.368576,24845.7,2011.87,31430,-71.8688,-41.7375
0.378146,0.368974,24850,2008.1,31414.9,-71.8647,-41.7621
0.378517,0.369373,24854.4,2004.33,31399.8,-71.8607,-41.7868
0.378887,0.369771,24858.7,2000.55,31384.7,-71.8566,-41.8114
0.379257,0.370169,24863.1,1996.77,31369.6,-71.8526,-41.8361
0.379628,0.370567,24867.4,1992.98,31354.5,-71.8486,-41.8609
0.379998,0.370966,24871.8,1989.19,31339.5,-71.8445,-41.8857
0.380368,0.371364,24876.1,1985.4,31324.4,-71.8405,-41.9105
0.380739,0.371762,24880.5,1981.6,31309.3,-71.8365,-41.9353
0.381109,0.37216,24884.8,1977.8,31294.2,-71.8325,-41.9602
0.381479,0.372559,24889.1,1973.99,31279.1,-71.8285,-41.9851
0.38185,0.372957,24893.5,1970.19,31264,-71.8246,-42.01
0.38222,0.373355,24897.8,1966.37,31248.9,-71.8206,-42.035
0.382591,0.373753,24902.2,1962.56,31233.8,-71.8166,-42.06
0.382961,0.374152,24906.5,1958.74,31218.8,-71.8127,-42.085
0.383331,0.37455,24910.9,1954.92,31203.7,-71.8087,-42.1101
0.383702,0.374948,24915.2,1951.09,31188.6,-71.8048,-42.1352
0.384072,0.375346,24919.6,1947.26,31173.5,-71.8009,-42.1603
0.384442,0.375744,24923.9,1943.43,31158.4,-71.797,-42.1854
0.384813,0.376143,24928.3,1939.6,31143.3,-71.7931,-42.2106
0.385183,0.376541,24932.6,1935.76,31128.3,-71.7893,-42.2358
0.385553,0.376939,24937,1931.93,31113.2,-71.7854,-42.261
0.385924,0.377337,24941.3,1928.09,31098.1,-71.7816,-42.2862
0.386294,0.377736,24945.7,1924.25,31083,-71.7777,-42.3115
0.386665,0.378134,24950,1920.4,31068,-71.7739,-42.3368
0.387035,0.378532,24954.4,1916.56,31052.9,-71.7701,-42.362
0.387405,0.37893,24958.8,1912.71,31037.8,-71.7663,-42.3874
0.387776,0.379329,24963.1,1908.86,31022.7,-71.7626,-42.4127
0.388146,0.379727,24967.5,1905.01,31007.6,-71.7588,-42.438
0.388516,0.380125,24971.8,1901.16,30992.6,-71.7551,-42.4634
0.388887,0.380523,24976.2,1897.3,30977.5,-71.7514,-42.4888
0.389257,0.380922,24980.5,1893.45,30962.4,-71.7477,-42.5142
0.389627,0.38132,24984.9,1889.59,30947.3,-71.744,-42.5396
0.389998,0.381718,24989.2,1885.74,30932.3,-71.7404,-42.5651
0.390368,0.382116,24993.6,1881.88,30917.2,-71.7368,-42.5905
0.390739,0.382515,24997.9,1878.02,30902.1,-71.7331,-42.616
0.391109,0.382913,25002.3,1874.17,30887.1,-71.7295,-42.6414
0.391479,0.383311,25006.6,1870.31,30872,-71.726,-42.6669
0.39185,0.383709,25011,1866.45,30856.9,-71.7224,-42.6924
0.39222,0.384108,25015.3,1862.59,30841.8,-71.7189,-42.7179
0.39259,0.384506,25019.7,1858.73,30826.8,-71.7154,-42.7434
0.392961,0.384904,25024,1854.87,30811.7,-71.7119,-42.7689
0.393331,0.385302,25028.4,1851.02,30796.6,-71.7084,-42.7944
0.393702,0.385701,25032.7,1847.16,30781.5,-71.705,-42.82
0.394072,0.386099,25037.1,1843.3,30766.5,-71.7016,-42.8455
0.394442,0.386497,25041.4,1839.44,30751.4,-71.6982,-42.871
0.394813,0.386895,25045.8,1835.59,30736.3,-71.6948,-42.8966
0.395183,0.387294,25050.1,1831.73,30721.2,-71.6915,-42.9221
0.395553,0.387692,25054.5,1827.88,30706.2,-71.6881,-42.9477
0.395924,0.38809,25058.8,1824.03,30691.1,-71.6849,-42.9732
0.396294,0.388488,25063.2,1820.17,30676,-71.6816,-42.9988
0.396664,0.388886,25067.5,1816.32,30660.9,-71.6784,-43.0243
0.397035,0.389285,25071.9,1812.47,30645.9,-71.6751,-43.0499
0.397405,0.389683,25076.2,1808.63,30630.8,-71.672,-43.0754
0.397776,0.390081,25080.6,1804.78,30615.7,-71.6688,-43.101
0.398146,0.390479,25084.9,1800.94,30600.6,-71.6657,-43.1265
0.398516,0.390878,25089.3,1797.1,30585.6,-71.6626,-43.1521
0.398887,0.391276,25093.6,1793.26,30570.5,-71.6595,-43.1776
0.399257,0.391674,25098,1789.42,30555.4,-71.6565,-43.2031
0.399627,0.392072,25102.3,1785.58,30540.3,-71.6535,-43.2286
0.399998,0.392471,25106.6,1781.75,30525.2,-71.6505,-43.2542
0.400368,0.392869,25111,1777.92,30510.1,-71.6476,-43.2797
0.400738,0.393267,25115.3,1774.09,30495.1,-71.6446,-43.3052
0.401109,0.393665,25119.7,1770.27,30480,-71.6418,-43.3307
0.401479,0.394064,25124,1766.44,30464.9,-71.6389,-43.3561
0.40185,0.394462,25128.3,1762.63,30449.8,-71.6361,-43.3816
0.40222,0.39486,25132.7,1758.81,30434.7,-71.6333,-43.4071
0.40259,0.395258,25137,1755,30419.6,-71.6306,-43.4325
0.402961,0.395657,25141.4,1751.19,30404.5,-71.6279,-43.4579
0.403331,0.396055,25145.7,1747.38,30389.4,-71.6252,-43.4834
0.403701,0.396453,25150,1743.58,30374.3,-71.6226,-43.5088
0.404072,0.396851,25154.4,1739.78,30359.3,-71.6199,-43.5341
0.404442,0.39725,25158.7,1735.99,30344.2,-71.6174,-43.5595
0.404812,0.397648,25163,1732.2,30329.1,-71.6148,-43.5849
0.405183,0.398046,25167.4,1728.42,30314,-71.6124,-43.6102
0.405553,0.398444,25171.7,1724.63,30298.9,-71.6099,-43.6355
0.405924,0.398843,25176,1720.86,30283.8,-71.6075,-43.6608
0.406294,0.399241,25180.3,1717.08,30268.7,-71.6051,-43.6861
0.406664,0.399639,25184.7,1713.32,30253.6,-71.6028,-43.7113
0.407035,0.400037,25189,1709.55,30238.5,-71.6004,-43.7366
0.407405,0.400436,25193.3,1705.8,30223.3,-71.5982,-43.7618
0.407775,0.400834,25197.7,1702.01,30208.1,-71.596,-43.787
0.408146,0.401232,25202,1698.26,30193,-71.5938,-43.8121
0.408516,0.40163,25206.3,1694.54,30178,-71.5916,-43.8373
0.408886,0.402028,25210.6,1690.79,30162.9,-71.5895,-43.8624
0.409257,0.402427,25215,1687.03,30147.8,-71.5875,-43.8875
0.409627,0.402825,25219.3,1683.26,30132.7,-71.5854,-43.9126
0.409998,0.403223,25223.6,1679.49,30117.6,-71.5835,-43.9377
0.410368,0.403621,25228,1675.71,30102.5,-71.5815,-43.9629
0.410738,0.40402,25232.3,1671.93,30087.4,-71.5796,-43.988
0.411109,0.404418,25236.7,1668.15,30072.3,-71.5777,-44.0132
0.411479,0.404816,25241.1,1664.35,30057.2,-71.5759,-44.0385
0.411849,0.405214,25245.4,1660.56,30042.2,-71.5741,-44.0638
0.41222,0.405613,25249.8,1656.76,30027.1,-71.5723,-44.0893
0.41259,0.406011,25254.2,1652.95,30012,-71.5706,-44.1148
0.41296,0.406409,25258.6,1649.14,29996.9,-71.5689,-44.1404
0.413331,0.406807,25262.9,1645.33,29981.8,-71.5673,-44.1661
0.413701,0.407206,25267.3,1641.51,29966.8,-71.5656,-44.1919
0.414072,0.407604,25271.7,1637.68,29951.7,-71.564,-44.2178
0.414442,0.408002,25276.1,1633.85,29936.6,-71.5624,-44.2439
0.414812,0.4084,25280.5,1630.02,29921.6,-71.5609,-44.2701
0.415183,0.408799,25284.9,1626.18,29906.5,-71.5594,-44.2964
0.415553,0.409197,25289.3,1622.33,29891.5,-71.5579,-44.3229
0.415923,0.409595,25293.7,1618.48,29876.4,-71.5564,-44.3496
0.416294,0.409993,25298.1,1614.63,29861.3,-71.555,-44.3764
0.416664,0.410392,25302.6,1610.77,29846.3,-71.5536,-44.4033
0.417034,0.41079,25307,1606.9,29831.2,-71.5522,-44.4304
0.417405,0.411188,25311.4,1603.03,29816.2,-71.5509,-44.4577
0.417775,0.411586,25315.8,1599.15,29801.1,-71.5496,-44.4851
0.418146,0.411985,25320.3,1595.27,29786.1,-71.5482,-44.5127
0.418516,0.412383,25324.7,1591.39,29771,-71.547,-44.5404
0.418886,0.412781,25329.1,1587.5,29756,-71.5457,-44.5683
0.419257,0.413179,25333.6,1583.6,29741,-71.5445,-44.5964
0.419627,0.413577,25338,1579.7,29725.9,-71.5433,-44.6246
0.419997,0.413976,25342.5,1575.8,29710.9,-71.5421,-44.653
0.420368,0.414374,25346.9,1571.88,29695.9,-71.5409,-44.6815
0.420738,0.414772,25351.4,1567.97,29680.8,-71.5398,-44.7102
0.421109,0.41517,25355.8,1564.05,29665.8,-71.5387,-44.7391
0.421479,0.415569,25360.3,1560.12,29650.8,-71.5376,-44.7681
0.421849,0.415967,25364.8,1556.19,29635.8,-71.5365,-44.7973
0.42222,0.416365,25369.2,1552.25,29620.8,-71.5355,-44.8267
0.42259,0.416763,25373.7,1548.31,29605.7,-71.5345,-44.8561
0.42296,0.417162,25378.2,1544.36,29590.7,-71.5335,-44.8858
0.423331,0.41756,25382.7,1540.41,29575.7,-71.5325,-44.9156
0.423701,0.417958,25387.1,1536.45,29560.7,-71.5315,-44.9455
0.424071,0.418356,25391.6,1532.49,29545.7,-71.5306,-44.9756
0.424442,0.418755,25396.1,1528.52,29530.7,-71.5297,-45.0058
0.424812,0.419153,25400.6,1524.55,29515.7,-71.5288,-45.0361
0.425183,0.419551,25405.1,1520.57,29500.7,-71.5279,-45.0666
0.425553,0.419949,25409.6,1516.58,29485.7,-71.5271,-45.0973
0.425923,0.420348,25414.1,1512.59,29470.7,-71.5262,-45.128
0.426294,0.420746,25418.6,1508.6,29455.7,-71.5254,-45.1589
0.426664,0.421144,25423.1,1504.6,29440.7,-71.5246,-45.1899
0.427034,0.421542,25427.6,1500.59,29425.7,-71.5238,-45.221
0.427405,0.421941,25432.1,1496.58,29410.7,-71.5231,-45.2523
0.427775,0.422339,25436.6,1492.57,29395.7,-71.5224,-45.2837
0.428145,0.422737,25441.1,1488.54,29380.8,-71.5216,-45.3152
0.428516,0.423135,25445.6,1484.52,29365.8,-71.5209,-45.3468
0.428886,0.423533,25450.1,1480.48,29350.8,-71.5203,-45.3785
0.429257,0.423932,25454.7,1476.45,29335.8,-71.5196,-45.4103
0.429627,0.42433,25459.2,1472.4,29320.8,-71.519,-45.4422
0.429997,0.424728,25463.7,1468.36,29305.9,-71.5184,-45.4742
0.430368,0.425126,25468.2,1464.3,29290.9,-71.5178,-45.5063
0.430738,0.425525,25472.7,1460.24,29275.9,-71.5172,-45.5386
0.431108,0.425923,25477.3,1456.18,29261,-71.5166,-45.5709
0.431479,0.426321,25481.8,1452.11,29246,-71.5161,-45.6033
0.431849,0.426719,25486.3,1448.03,29231,-71.5155,-45.6357
0.432219,0.427118,25490.9,1443.95,29216.1,-71.515,-45.6683
0.43259,0.427516,25495.4,1439.87,29201.1,-71.5145,-45.701
0.43296,0.427914,25499.9,1435.77,29186.2,-71.5141,-45.7337
0.433331,0.428312,25504.5,1431.68,29171.2,-71.5136,-45.7665
0.433701,0.428711,25509,1427.57,29156.3,-71.5132,-45.7994
0.434071,0.429109,25513.6,1423.47,29141.3,-71.5127,-45.8323
0.434442,0.429507,25518.1,1419.35,29126.4,-71.5123,-45.8653
0.434812,0.429905,25522.6,1415.23,29111.4,-71.512,-45.8984
0.435182,0.430304,25527.2,1411.11,29096.5,-71.5116,-45.9315
0.435553,0.430702,25531.7,1406.98,29081.5,-71.5112,-45.9647
0.435923,0.4311,25536.3,1402.84,29066.6,-71.5109,-45.998
0.436293,0.431498,25540.8,1398.7,29051.6,-71.5106,-46.0313
0.436664,0.431897,25545.4,1394.55,29036.7,-71.5103,-46.0646
0.437034,0.432295,25549.9,1390.4,29021.8,-71.51,-46.098
0.437405,0.432693,25554.5,1386.24,29006.8,-71.5097,-46.1315
0.437775,0.433091,25559,1382.08,28991.9,-71.5094,-46.1649
0.438145,0.43349,25563.6,1377.91,28977,-71.5092,-46.1985
0.438516,0.433888,25568.2,1373.74,28962,-71.509,-46.232
0.438886,0.434286,25572.7,1369.56,28947.1,-71.5088,-46.2656
0.439256,0.434684,25577.3,1365.37,28932.2,-71.5086,-46.2992
0.439627,0.435082,25581.8,1361.18,28917.3,-71.5084,-46.3329
0.439997,0.435481,25586.4,1356.98,28902.3,-71.5082,-46.3665
0.440367,0.435879,25590.9,1352.78,28887.4,-71.508,-46.4002
0.440738,0.436277,25595.5,1348.57,28872.5,-71.5079,-46.434
0.441108,0.436675,25600.1,1344.36,28857.6,-71.5078,-46.4677
0.441479,0.437074,25604.6,1340.14,28842.7,-71.5077,-46.5014
0.441849,0.437472,25609.2,1335.91,28827.8,-71.5076,-46.5352
0.442219,0.43787,25613.7,1331.68,28812.9,-71.5075,-46.5689
0.44259,0.438268,25618.3,1327.45,28798,-71.5074,-46.6027
0.44296,0.438667,25622.9,1323.2,28783,-71.5074,-46.6365
0.44333,0.439065,25627.4,1318.96,28768.1,-71.5073,-46.6702
0.443701,0.439463,25632,1314.7,28753.2,-71.5073,-46.704
0.444071,0.439861,25636.6,1310.44,28738.3,-71.5073,-46.7378
0.444441,0.44026,25641.1,1306.18,28723.4,-71.5073,-46.7715
0.444812,0.440658,25645.7,1301.91,28708.5,-71.5073,-46.8053
0.445182,0.441056,25650.3,1297.63,28693.6,-71.5073,-46.839
0.445553,0.441454,25654.8,1293.35,28678.7,-71.5074,-46.8727
0.445923,0.441853,25659.4,1289.06,28663.8,-71.5074,-46.9064
0.446293,0.442251,25663.9,1284.77,28649,-71.5075,-46.9401
0.446664,0.442649,25668.5,1280.47,28634.1,-71.5076,-46.9738
0.447034,0.443047,25673.1,1276.17,28619.2,-71.5076,-47.0074
0.447404,0.443446,25677.6,1271.86,28604.3,-71.5077,-47.041
0.447775,0.443844,25682.2,1267.54,28589.4,-71.5079,-47.0746
0.448145,0.444242,25686.8,1263.22,28574.5,-71.508,-47.1081
0.448515,0.44464,25691.3,1258.89,28559.6,-71.5081,-47.1416
0.448886,0.445039,25695.9,1254.56,28544.8,-71.5082,-47.1751
0.449256,0.445437,25700.5,1250.22,28529.9,-71.5084,-47.2085
0.449627,0.445835,25705,1245.87,28515,-71.5086,-47.2419
0.449997,0.446233,25709.6,1241.52,28500.1,-71.5087,-47.2752
0.450367,0.446632,25714.1,1237.17,28485.3,-71.5089,-47.3085
0.450738,0.44703,25718.7,1232.8,28470.4,-71.5091,-47.3418
0.451108,0.447428,25723.2,1228.44,28455.5,-71.5093,-47.375
0.451478,0.447826,25727.8,1224.06,28440.6,-71.5095,-47.4081
0.451849,0.448224,25732.4,1219.68,28425.8,-71.5098,-47.4412
0.452219,0.448623,25736.9,1215.3,28410.9,-71.51,-47.4742
0.45259,0.449021,25741.5,1210.91,28396,-71.5103,-47.5071
0.45296,0.449419,25746,1206.51,28381.2,-71.5105,-47.54
0.45333,0.449817,25750.6,1202.11,28366.3,-71.5108,-47.5729
0.453701,0.450216,25755.1,1197.7,28351.4,-71.511,-47.6056
0.454071,0.450614,25759.7,1193.28,28336.6,-71.5113,-47.6383
0.454441,0.451012,25764.2,1188.86,28321.7,-71.5116,-47.6709
0.454812,0.45141,25768.8,1184.44,28306.9,-71.5119,-47.7034
0.455182,0.451809,25773.3,1180.01,28292,-71.5122,-47.7359
0.455552,0.452207,25777.9,1175.57,28277.2,-71.5125,-47.7683
0.455923,0.452605,25782.4,1171.12,28262.3,-71.5129,-47.8006
0.456293,0.453003,25787,1166.68,28247.5,-71.5132,-47.8328
0.456664,0.453402,25791.5,1162.22,28232.6,-71.5135,-47.8649
0.457034,0.4538,25796,1157.76,28217.8,-71.5139,-47.8969
0.457404,0.454198,25800.6,1153.29,28202.9,-71.5142,-47.9289
0.457775,0.454596,25805.1,1148.82,28188.1,-71.5146,-47.9607
0.458145,0.454995,25809.7,1144.34,28173.2,-71.5149,-47.9925
0.458515,0.455393,25814.2,1139.86,28158.4,-71.5153,-48.0241
0.458886,0.455791,25818.7,1135.37,28143.5,-71.5157,-48.0557
0.459256,0.456189,25823.2,1130.87,28128.7,-71.5161,-48.0871
0.459626,0.456588,25827.8,1126.37,28113.8,-71.5165,-48.1185
0.459997,0.456986,25832.3,1121.86,28099,-71.5169,-48.1497
0.460367,0.457384,25836.8,1117.35,28084.2,-71.5173,-48.1809
0.460738,0.457782,25841.3,1112.83,28069.3,-71.5177,-48.2119
0.461108,0.458181,25845.9,1108.3,28054.5,-71.5181,-48.2428
0.461478,0.458579,25850.4,1103.77,28039.6,-71.5186,-48.2736
0.461849,0.458977,25854.9,1099.23,28024.8,-71.519,-48.3043
0.462219,0.459375,25859.4,1094.69,28010,-71.5194,-48.3349
0.462589,0.459774,25863.9,1090.14,27995.2,-71.5199,-48.3653
0.46296,0.460172,25868.4,1085.58,27980.3,-71.5203,-48.3957
0.46333,0.46057,25872.9,1081.02,27965.5,-71.5208,-48.4259
0.4637,0.460968,25877.4,1076.46,27950.7,-71.5212,-48.4559
0.464071,0.461366,25881.9,1071.88,27935.8,-71.5217,-48.4859
0.464441,0.461765,25886.4,1067.3,27921,-71.5222,-48.5157
0.464812,0.462163,25890.9,1062.72,27906.2,-71.5226,-48.5454
0.465182,0.462561,25895.4,1058.13,27891.4,-71.5231,-48.5749
0.465552,0.462959,25899.9,1053.53,27876.5,-71.5236,-48.6044
0.465923,0.463358,25904.4,1048.93,27861.7,-71.5241,-48.6336
0.466293,0.463756,25908.9,1044.32,27846.9,-71.5246,-48.6628
0.466663,0.464154,25913.4,1039.71,27832.1,-71.525,-48.6918
0.467034,0.464552,25917.9,1035.09,27817.3,-71.5255,-48.7206
0.467404,0.464951,25922.3,1030.46,27802.4,-71.526,-48.7494
0.467774,0.465349,25926.8,1025.83,27787.6,-71.5265,-48.7779
0.468145,0.465747,25931.3,1021.19,27772.8,-71.527,-48.8063
0.468515,0.466145,25935.8,1016.55,27758,-71.5275,-48.8346
0.468886,0.466544,25940.2,1011.9,27743.2,-71.528,-48.8627
0.469256,0.466942,25944.7,1007.24,27728.4,-71.5285,-48.8907
0.469626,0.46734,25949.1,1002.58,27713.5,-71.5291,-48.9185
0.469997,0.467738,25953.6,997.917,27698.7,-71.5296,-48.9462
0.470367,0.468137,25958.1,993.243,27683.9,-71.5301,-48.9736
0.470737,0.468535,25962.5,988.564,27669.1,-71.5306,-49.001
0.471108,0.468933,25966.9,983.878,27654.3,-71.5311,-49.0281
0.471478,0.469331,25971.4,979.188,27639.5,-71.5316,-49.0551
0.471848,0.46973,25975.8,974.491,27624.7,-71.5321,-49.082
0.472219,0.470128,25980.3,969.788,27609.9,-71.5327,-49.1087
0.472589,0.470526,25984.7,965.079,27595.1,-71.5332,-49.1352
0.47296,0.470924,25989.1,960.364,27580.3,-71.5337,-49.1615
0.47333,0.471323,25993.5,955.644,27565.5,-71.5342,-49.1877
0.4737,0.471721,25998,950.917,27550.7,-71.5347,-49.2136
0.474071,0.472119,26002.4,946.186,27535.9,-71.5353,-49.2395
0.474441,0.472517,26006.8,941.447,27521.1,-71.5358,-49.2651
0.474811,0.472915,26011.2,936.703,27506.3,-71.5363,-49.2906
0.475182,0.473314,26015.6,931.953,27491.5,-71.5368,-49.3158
0.475552,0.473712,26020,927.196,27476.7,-71.5374,-49.3409
0.475922,0.47411,26024.4,922.435,27461.9,-71.5379,-49.3658
0.476293,0.474508,26028.8,917.667,27447.1,-71.5384,-49.3906
0.476663,0.474907,26033.2,912.893,27432.3,-71.5389,-49.4151
0.477034,0.475305,26037.6,908.113,27417.5,-71.5394,-49.4395
0.477404,0.475703,26042,903.327,27402.7,-71.54,-49.4636
0.477774,0.476101,26046.3,898.536,27387.9,-71.5405,-49.4876
0.478145,0.4765,26050.7,893.738,27373.1,-71.541,-49.5114
0.478515,0.476898,26055.1,888.936,27358.3,-71.5415,-49.535
0.478885,0.477296,26059.5,884.127,27343.5,-71.542,-49.5583
0.479256,0.477694,26063.8,879.311,27328.7,-71.5425,-49.5815
0.479626,0.478093,26068.2,874.49,27313.9,-71.543,-49.6045
0.479997,0.478491,26072.5,869.662,27299.1,-71.5435,-49.6273
0.480367,0.478889,26076.9,864.831,27284.3,-71.544,-49.6499
0.480737,0.479287,26081.2,859.992,27269.5,-71.5445,-49.6723
0.481108,0.479686,26085.5,855.148,27254.7,-71.545,-49.6945
0.481478,0.480084,26089.9,850.297,27239.9,-71.5455,-49.7165
0.481848,0.480482,26094.2,845.44,27225.2,-71.546,-49.7382
0.482219,0.48088,26098.5,840.579,27210.4,-71.5465,-49.7598
0.482589,0.481279,26102.9,835.711,27195.6,-71.547,-49.7812
0.482959,0.481677,26107.2,830.837,27180.8,-71.5475,-49.8023
0.48333,0.482075,26111.5,825.958,27166,-71.548,-49.8232
0.4837,0.482473,26115.8,821.072,27151.2,-71.5484,-49.8439
0.484071,0.482872,26120.1,816.181,27136.4,-71.5489,-49.8644
0.484441,0.48327,26124.4,811.282,27121.7,-71.5494,-49.8847
0.484811,0.483668,26128.7,806.379,27106.9,-71.5498,-49.9048
0.485182,0.484066,26132.9,801.47,27092.1,-71.5503,-49.9246
0.485552,0.484464,26137.2,796.555,27077.3,-71.5507,-49.9442
0.485922,0.484863,26141.5,791.635,27062.5,-71.5512,-49.9636
0.486293,0.485261,26145.8,786.707,27047.7,-71.5516,-49.9828
0.486663,0.485659,26150,781.776,27033,-71.5521,-50.0018
0.487033,0.486057,26154.3,776.837,27018.2,-71.5525,-50.0205
0.487404,0.486456,26158.6,771.893,27003.4,-71.5529,-50.039
0.487774,0.486854,26162.8,766.943,26988.6,-71.5534,-50.0573
0.488145,0.487252,26167,761.986,26973.8,-71.5538,-50.0753
0.488515,0.48765,26171.3,757.026,26959,-71.5542,-50.0931
0.488885,0.488049,26175.5,752.057,26944.3,-71.5546,-50.1107
0.489256,0.488447,26179.7,747.084,26929.5,-71.555,-50.128
0.489626,0.488845,26184,742.105,26914.7,-71.5554,-50.1451
0.489996,0.489243,26188.2,737.119,26899.9,-71.5558,-50.162
0.490367,0.489642,26192.4,732.13,26885.1,-71.5561,-50.1786
0.490737,0.49004,26196.6,727.133,26870.4,-71.5565,-50.195
0.491107,0.490438,26200.8,722.131,26855.6,-71.5569,-50.2111
0.491478,0.490836,26205,717.123,26840.8,-71.5572,-50.227
0.491848,0.491235,26209.2,712.107,26826,-71.5576,-50.2427
0.492219,0.491633,26213.3,707.089,26811.3,-71.5579,-50.2581
0.492589,0.492031,26217.5,702.063,26796.5,-71.5583,-50.2733
0.492959,0.492429,26221.7,697.032,26781.7,-71.5586,-50.2882
0.49333,0.492828,26225.9,691.996,26766.9,-71.5589,-50.3029
0.4937,0.493226,26230,686.952,26752.2,-71.5592,-50.3173
0.49407,0.493624,26234.2,681.904,26737.4,-71.5595,-50.3315
0.494441,0.494022,26238.3,676.849,26722.6,-71.5598,-50.3454
0.494811,0.494421,26242.4,671.789,26707.8,-71.5601,-50.3591
0.495181,0.494819,26246.6,666.724,26693.1,-71.5604,-50.3725
0.495552,0.495217,26250.7,661.652,26678.3,-71.5607,-50.3856
0.495922,0.495615,26254.8,656.575,26663.5,-71.561,-50.3985
0.496293,0.496013,26258.9,651.492,26648.7,-71.5612,-50.4112
0.496663,0.496412,26263,646.403,26634,-71.5615,-50.4236
0.497033,0.49681,26267.1,641.309,26619.2,-71.5617,-50.4357
0.497404,0.497208,26271.2,636.208,26604.4,-71.5619,-50.4476
0.497774,0.497606,26275.3,631.103,26589.6,-71.5621,-50.4591
0.498144,0.498005,26279.4,625.991,26574.9,-71.5624,-50.4705
0.498515,0.498403,26283.5,620.874,26560.1,-71.5626,-50.4815
0.498885,0.498801,26287.6,615.751,26545.3,-71.5628,-50.4923
0.499255,0.499199,26291.6,610.623,26530.5,-71.5629,-50.5029
0.499626,0.499598,26295.7,605.489,26515.8,-71.5631,-50.5131
0.499996,0.499996,26299.7,600.348,26501,-71.5633,-50.5231
0.500367,0.500394,26303.8,595.2,26486.2,-71.5634,-50.5328
0.500737,0.500792,26307.8,590.04,26471.5,-71.5636,-50.5423
0.501107,0.501191,26311.8,584.868,26456.7,-71.5637,-50.5515
0.501478,0.501589,26315.9,579.685,26441.9,-71.5638,-50.5604
0.501848,0.501987,26319.9,574.49,26427.2,-71.5639,-50.569
0.502218,0.502385,26323.9,569.284,26412.4,-71.564,-50.5774
0.502589,0.502784,26327.9,564.066,26397.7,-71.5641,-50.5856
0.502959,0.503182,26331.9,558.836,26382.9,-71.5642,-50.5935
0.503329,0.50358,26335.9,553.598,26368.2,-71.5643,-50.6011
0.5037,0.503978,26339.9,548.346,26353.4,-71.5643,-50.6086
0.50407,0.504377,26343.9,543.083,26338.7,-71.5644,-50.6157
0.504441,0.504775,26347.9,537.81,26323.9,-71.5644,-50.6227
0.504811,0.505173,26351.9,532.525,26309.2,-71.5644,-50.6295
0.505181,0.505571,26355.8,527.23,26294.4,-71.5644,-50.636
0.505552,0.50597,26359.8,521.924,26279.7,-71.5644,-50.6423
0.505922,0.506368,26363.8,516.608,26265,-71.5644,-50.6484
0.506292,0.506766,26367.7,511.281,26250.2,-71.5644,-50.6543
0.506663,0.507164,26371.7,505.943,26235.5,-71.5644,-50.66
0.507033,0.507562,26375.6,500.596,26220.8,-71.5644,-50.6655
0.507403,0.507961,26379.6,495.238,26206.1,-71.5643,-50.6709
0.507774,0.508359,26383.5,489.869,26191.3,-71.5643,-50.676
0.508144,0.508757,26387.4,484.49,26176.6,-71.5642,-50.681
0.508515,0.509155,26391.3,479.101,26161.9,-71.5641,-50.6857
0.508885,0.509554,26395.3,473.702,26147.2,-71.564,-50.6903
0.509255,0.509952,26399.2,468.293,26132.5,-71.5639,-50.6947
0.509626,0.51035,26403.1,462.874,26117.8,-71.5639,-50.699
0.509996,0.510748,26407,457.445,26103.1,-71.5637,-50.703
0.510366,0.511147,26410.9,452.007,26088.4,-71.5636,-50.7069
0.510737,0.511545,26414.8,446.56,26073.7,-71.5635,-50.7106
0.511107,0.511943,26418.7,441.101,26059,-71.5633,-50.7142
0.511477,0.512341,26422.6,435.635,26044.3,-71.5632,-50.7176
0.511848,0.51274,26426.5,430.159,26029.6,-71.563,-50.7208
0.512218,0.513138,26430.3,424.673,26014.9,-71.5629,-50.7239
0.512589,0.513536,26434.2,419.178,26000.2,-71.5627,-50.7267
0.512959,0.513934,26438.1,413.674,25985.5,-71.5625,-50.7295
0.513329,0.514333,26441.9,408.161,25970.8,-71.5623,-50.7321
0.5137,0.514731,26445.8,402.639,25956.1,-71.5621,-50.7345
0.51407,0.515129,26449.7,397.107,25941.4,-71.5619,-50.7367
0.51444,0.515527,26453.5,391.567,25926.8,-71.5617,-50.7388
0.514811,0.515926,26457.4,386.019,25912.1,-71.5615,-50.7408
0.515181,0.516324,26461.2,380.462,25897.4,-71.5613,-50.7426
0.515552,0.516722,26465,374.895,25882.7,-71.561,-50.7442
0.515922,0.51712,26468.9,369.32,25868.1,-71.5608,-50.7457
0.516292,0.517519,26472.7,363.737,25853.4,-71.5606,-50.747
0.516663,0.517917,26476.5,358.145,25838.7,-71.5603,-50.7482
0.517033,0.518315,26480.3,352.545,25824,-71.56,-50.7492
0.517403,0.518713,26484.2,346.937,25809.4,-71.5598,-50.7501
0.517774,0.519112,26488,341.322,25794.7,-71.5595,-50.7508
0.518144,0.51951,26491.8,335.698,25780.1,-71.5592,-50.7514
0.518514,0.519908,26495.6,330.064,25765.4,-71.5589,-50.7513
0.518885,0.520306,26499.4,324.425,25750.8,-71.5586,-50.7513
0.519255,0.520704,26503.2,318.777,25736.1,-71.5583,-50.7512
0.519626,0.521103,26507,313.12,25721.4,-71.558,-50.751
0.519996,0.521501,26510.8,307.457,25706.8,-71.5577,-50.7507
0.520366,0.521899,26514.5,301.785,25692.1,-71.5574,-50.7503
0.520737,0.522297,26518.3,296.107,25677.5,-71.5571,-50.7499
0.521107,0.522696,26522.1,290.422,25662.9,-71.5567,-50.7493
0.521477,0.523094,26525.9,284.727,25648.2,-71.5564,-50.7485
0.521848,0.523492,26529.6,279.027,25633.6,-71.5561,-50.7477
0.522218,0.52389,26533.4,273.318,25618.9,-71.5557,-50.7467
0.522588,0.524289,26537.1,267.602,25604.3,-71.5554,-50.7456
0.522959,0.524687,26540.9,261.88,25589.7,-71.555,-50.7443
0.523329,0.525085,26544.7,256.149,25575,-71.5547,-50.7429
0.5237,0.525483,26548.4,250.414,25560.4,-71.5543,-50.7414
0.52407,0.525882,26552.2,244.67,25545.8,-71.5539,-50.7397
0.52444,0.52628,26555.9,238.92,25531.1,-71.5536,-50.7379
0.524811,0.526678,26559.6,233.164,25516.5,-71.5532,-50.7359
0.525181,0.527076,26563.4,227.399,25501.9,-71.5528,-50.7338
0.525551,0.527475,26567.1,221.63,25487.3,-71.5524,-50.7315
0.525922,0.527873,26570.8,215.853,25472.7,-71.552,-50.7291
0.526292,0.528271,26574.5,210.068,25458,-71.5516,-50.7266
0.526662,0.528669,26578.3,204.28,25443.4,-71.5512,-50.7239
0.527033,0.529068,26582,198.484,25428.8,-71.5508,-50.7211
0.527403,0.529466,26585.7,192.681,25414.2,-71.5504,-50.7181
0.527774,0.529864,26589.4,186.873,25399.6,-71.55,-50.715
0.528144,0.530262,26593.1,181.058,25385,-71.5496,-50.7118
0.528514,0.530661,26596.8,175.239,25370.4,-71.5492,-50.7084
0.528885,0.531059,26600.5,169.412,25355.7,-71.5488,-50.7048
0.529255,0.531457,26604.2,163.58,25341.1,-71.5483,-50.7012
0.529625,0.531855,26607.9,157.743,25326.5,-71.5479,-50.6973
0.529996,0.532254,26611.6,151.897,25311.9,-71.5475,-50.6934
0.530366,0.532652,26615.3,146.049,25297.3,-71.5471,-50.6893
0.530736,0.53305,26619,140.194,25282.7,-71.5466,-50.6851
0.531107,0.533448,26622.6,134.333,25268.1,-71.5462,-50.6807
0.531477,0.533846,26626.3,128.468,25253.5,-71.5457,-50.6762
0.531848,0.534245,26630,122.596,25238.9,-71.5453,-50.6716
0.532218,0.534643,26633.7,116.719,25224.3,-71.5449,-50.6668
0.532588,0.535041,26637.3,110.837,25209.7,-71.5444,-50.6619
0.532959,0.535439,26641,104.952,25195.2,-71.544,-50.6568
0.533329,0.535838,26644.7,99.0593,25180.6,-71.5435,-50.6517
0.533699,0.536236,26648.3,93.1626,25166,-71.5431,-50.6464
0.53407,0.536634,26652,87.2619,25151.4,-71.5426,-50.6409
0.53444,0.537032,26655.6,81.3545,25136.8,-71.5422,-50.6353
0.53481,0.537431,26659.3,75.4419,25122.2,-71.5417,-50.6296
0.535181,0.537829,26662.9,69.5257,25107.6,-71.5413,-50.6238
0.535551,0.538227,26666.6,63.6052,25093,-71.5408,-50.6178
0.535922,0.538625,26670.2,57.6789,25078.5,-71.5404,-50.6117
0.536292,0.539024,26673.9,51.7484,25063.9,-71.5399,-50.6054
0.536662,0.539422,26677.5,45.8155,25049.3,-71.5395,-50.5991
0.537033,0.53982,26681.1,39.8753,25034.7,-71.539,-50.5926
0.537403,0.540218,26684.8,33.9335,25020.1,-71.5385,-50.5859
0.537773,0.540617,26688.4,27.9857,25005.6,-71.5381,-50.5792
0.538144,0.541015,26692,22.0332,24991,-71.5376,-50.5723
0.538514,0.541413,26695.6,16.0792,24976.4,-71.5372,-50.5653
0.538884,0.541811,26699.3,10.1193,24961.8,-71.5367,-50.5581
0.539255,0.54221,26702.9,4.15582,24947.3,-71.5363,-50.5508
0.539625,0.542608,26706.5,-1.81038,24932.7,-71.5358,-50.5434
0.539996,0.543006,26710.1,-7.7823,24918.1,-71.5353,-50.5359
0.540366,0.543404,26713.7,-13.7562,24903.5,-71.5349,-50.5282
0.540736,0.543802,26717.3,-19.7357,24889,-71.5344,-50.5204
0.541107,0.544201,26720.9,-25.717,24874.4,-71.534,-50.5125
0.541477,0.544599,26724.6,-31.7029,24859.8,-71.5335,-50.5044
0.541847,0.544997,26728.2,-37.6919,24845.3,-71.5331,-50.4963
0.542218,0.545395,26731.8,-43.6848,24830.7,-71.5326,-50.488
0.542588,0.545794,26735.4,-49.6805,24816.1,-71.5322,-50.4795
0.542958,0.546192,26739,-55.6816,24801.6,-71.5317,-50.471
0.543329,0.54659,26742.6,-61.6824,24787,-71.5313,-50.4623
0.543699,0.546988,26746.2,-67.6875,24772.5,-71.5308,-50.4535
0.54407,0.547387,26749.7,-73.6967,24757.9,-71.5304,-50.4446
0.54444,0.547785,26753.3,-79.707,24743.3,-71.5299,-50.4355
0.54481,0.548183,26756.9,-85.7225,24728.8,-71.5295,-50.4263
0.545181,0.548581,26760.5,-91.7386,24714.2,-71.529,-50.417
0.545551,0.54898,26764.1,-97.7581,24699.7,-71.5286,-50.4076
0.545921,0.549378,26767.7,-103.781,24685.1,-71.5282,-50.3981
0.546292,0.549776,26771.2,-109.806,24670.5,-71.5277,-50.3884
0.546662,0.550174,26774.8,-115.836,24656,-71.5273,-50.3786
0.547032,0.550573,26778.4,-121.865,24641.4,-71.5269,-50.3687
0.547403,0.550971,26782,-127.897,24626.9,-71.5265,-50.3586
0.547773,0.551369,26785.6,-133.933,24612.3,-71.526,-50.3484
0.548144,0.551767,26789.1,-139.97,24597.8,-71.5256,-50.3381
0.548514,0.552166,26792.7,-146.009,24583.2,-71.5252,-50.3277
0.548884,0.552564,26796.3,-152.053,24568.7,-71.5248,-50.3172
0.549255,0.552962,26799.8,-158.096,24554.1,-71.5244,-50.3065
0.549625,0.55336,26803.4,-164.142,24539.6,-71.524,-50.2958
0.549995,0.553759,26807,-170.19,24525,-71.5236,-50.2849
0.550366,0.554157,26810.5,-176.239,24510.5,-71.5231,-50.2738
0.550736,0.554555,26814.1,-182.291,24495.9,-71.5228,-50.2627
0.551107,0.554953,26817.6,-188.345,24481.4,-71.5224,-50.2514
0.551477,0.555352,26821.2,-194.401,24466.8,-71.522,-50.2401
0.551847,0.55575,26824.8,-200.457,24452.3,-71.5216,-50.2286
0.552218,0.556148,26828.3,-206.516,24437.7,-71.5212,-50.2169
0.552588,0.556546,26831.9,-212.577,24423.2,-71.5208,-50.2052
0.552958,0.556944,26835.4,-218.638,24408.6,-71.5204,-50.1933
0.553329,0.557343,26839,-224.7,24394.1,-71.5201,-50.1814
0.553699,0.557741,26842.5,-230.765,24379.5,-71.5197,-50.1693
0.554069,0.558139,26846.1,-236.83,24365,-71.5194,-50.157
0.55444,0.558537,26849.6,-242.896,24350.4,-71.519,-50.1447
0.55481,0.558936,26853.2,-248.966,24335.9,-71.5186,-50.1322
0.555181,0.559334,26856.7,-255.034,24321.3,-71.5183,-50.1197
0.555551,0.559732,26860.2,-261.102,24306.8,-71.518,-50.107
0.555921,0.56013,26863.8,-267.175,24292.2,-71.5176,-50.0942
0.556292,0.560529,26867.3,-273.246,24277.7,-71.5173,-50.0812
0.556662,0.560927,26870.9,-279.316,24263.1,-71.517,-50.0682
0.557032,0.561325,26874.4,-285.39,24248.6,-71.5166,-50.055
0.557403,0.561723,26877.9,-291.464,24234,-71.5163,-50.0418
0.557773,0.562122,26881.5,-297.538,24219.5,-71.516,-50.0284
0.558143,0.56252,26885,-303.612,24204.9,-71.5157,-50.0149
0.558514,0.562918,26888.6,-309.688,24190.4,-71.5154,-50.0012
0.558884,0.563316,26892.1,-315.764,24175.8,-71.5151,-49.9875
0.559255,0.563715,26895.6,-321.839,24161.3,-71.5149,-49.9737
0.559625,0.564113,26899.2,-327.917,24146.7,-71.5146,-49.9597
0.559995,0.564511,26902.7,-333.993,24132.2,-71.5143,-49.9456
0.560366,0.564909,26906.2,-340.069,24117.7,-71.514,-49.9314
0.560736,0.565308,26909.8,-346.147,24103.1,-71.5138,-49.9171
0.561106,0.565706,26913.3,-352.222,24088.6,-71.5135,-49.9026
0.561477,0.566104,26916.8,-358.299,24074,-71.5133,-49.8881
0.561847,0.566502,26920.4,-364.376,24059.5,-71.513,-49.8734
0.562217,0.566901,26923.9,-370.452,24044.9,-71.5128,-49.8587
0.562588,0.567299,26927.4,-376.528,24030.4,-71.5126,-49.8438
0.562958,0.567697,26930.9,-382.604,24015.8,-71.5124,-49.8288
0.563329,0.568095,26934.5,-388.679,24001.3,-71.5122,-49.8137
0.563699,0.568493,26938,-394.755,23986.7,-71.512,-49.7984
0.564069,0.568892,26941.5,-400.828,23972.2,-71.5118,-49.7831
0.56444,0.56929,26945.1,-406.903,23957.6,-71.5116,-49.7676
0.56481,0.569688,26948.6,-412.976,23943.1,-71.5114,-49.7521
0.56518,0.570086,26952.1,-419.048,23928.5,-71.5112,-49.7364
0.565551,0.570485,26955.6,-425.12,23914,-71.5111,-49.7206
0.565921,0.570883,26959.2,-431.192,23899.4,-71.5109,-49.7047
0.566291,0.571281,26962.7,-437.259,23884.9,-71.5108,-49.6887
0.566662,0.571679,26966.2,-443.331,23870.3,-71.5106,-49.6726
0.567032,0.572078,26969.7,-449.399,23855.8,-71.5105,-49.6563
0.567403,0.572476,26973.3,-455.466,23841.2,-71.5104,-49.64
0.567773,0.572874,26976.8,-461.531,23826.7,-71.5103,-49.6235
0.568143,0.573272,26980.3,-467.597,23812.1,-71.5102,-49.607
0.568514,0.573671,26983.8,-473.66,23797.5,-71.5101,-49.5903
0.568884,0.574069,26987.4,-479.721,23783,-71.51,-49.5735
0.569254,0.574467,26990.9,-485.782,23768.4,-71.5099,-49.5566
0.569625,0.574865,26994.4,-491.843,23753.9,-71.5098,-49.5396
0.569995,0.575264,26997.9,-497.899,23739.3,-71.5098,-49.5225
0.570365,0.575662,27001.4,-503.956,23724.8,-71.5097,-49.5052
0.570736,0.57606,27005,-510.013,23710.2,-71.5097,-49.4879
0.571106,0.576458,27008.5,-516.064,23695.6,-71.5096,-49.4705
0.571477,0.576857,27012,-522.115,23681.1,-71.5096,-49.4529
0.571847,0.577255,27015.5,-528.167,23666.5,-71.5096,-49.4352
0.572217,0.577653,27019.1,-534.213,23652,-71.5096,-49.4175
0.572588,0.578051,27022.6,-540.259,23637.4,-71.5096,-49.3996
0.572958,0.57845,27026.1,-546.303,23622.8,-71.5096,-49.3816
0.573328,0.578848,27029.7,-552.343,23608.3,-71.5096,-49.3635
0.573699,0.579246,27033.2,-558.384,23593.7,-71.5097,-49.3453
0.574069,0.579644,27036.7,-564.421,23579.1,-71.5097,-49.327
0.574439,0.580042,27040.2,-570.455,23564.6,-71.5098,-49.3085
0.57481,0.580441,27043.8,-576.489,23550,-71.5098,-49.29
0.57518,0.580839,27047.3,-582.519,23535.4,-71.5099,-49.2714
0.575551,0.581237,27050.8,-588.548,23520.9,-71.51,-49.2526
0.575921,0.581635,27054.3,-594.572,23506.3,-71.5101,-49.2338
0.576291,0.582034,27057.9,-600.595,23491.7,-71.5102,-49.2148
0.576662,0.582432,27061.4,-606.616,23477.2,-71.5103,-49.1958
0.577032,0.58283,27064.9,-612.632,23462.6,-71.5105,-49.1766
0.577402,0.583228,27068.5,-618.647,23448,-71.5106,-49.1573
0.577773,0.583627,27072,-624.661,23433.4,-71.5108,-49.138
0.578143,0.584025,27075.5,-630.669,23418.9,-71.5109,-49.1185
0.578514,0.584423,27079.1,-636.675,23404.3,-71.5111,-49.0989
0.578884,0.584821,27082.6,-642.678,23389.7,-71.5113,-49.0792
0.579254,0.58522,27086.1,-648.677,23375.1,-71.5115,-49.0594
0.579625,0.585618,27089.7,-654.676,23360.6,-71.5117,-49.0395
0.579995,0.586016,27093.2,-660.668,23346,-71.5119,-49.0195
0.580365,0.586414,27096.7,-666.659,23331.4,-71.5122,-48.9994
0.580736,0.586813,27100.3,-672.647,23316.8,-71.5124,-48.9792
0.581106,0.587211,27103.8,-678.632,23302.2,-71.5127,-48.9589
0.581476,0.587609,27107.4,-684.613,23287.6,-71.513,-48.9384
0.581847,0.588007,27110.9,-690.591,23273,-71.5132,-48.9179
0.582217,0.588406,27114.4,-696.563,23258.5,-71.5135,-48.8973
0.582588,0.588804,27118,-702.534,23243.9,-71.5139,-48.8766
0.582958,0.589202,27121.5,-708.5,23229.3,-71.5142,-48.8557
0.583328,0.5896,27125.1,-714.464,23214.7,-71.5145,-48.8348
0.583699,0.589999,27128.6,-720.423,23200.1,-71.5149,-48.8138
0.584069,0.590397,27132.2,-726.377,23185.5,-71.5152,-48.7926
0.584439,0.590795,27135.7,-732.328,23170.9,-71.5156,-48.7714
0.58481,0.591193,27139.2,-738.276,23156.3,-71.516,-48.75
0.58518,0.591591,27142.8,-744.218,23141.7,-71.5164,-48.7286
0.58555,0.59199,27146.3,-750.158,23127.1,-71.5168,-48.7071
0.585921,0.592388,27149.9,-756.093,23112.5,-71.5172,-48.6854
0.586291,0.592786,27153.5,-762.024,23097.9,-71.5177,-48.6637
0.586662,0.593184,27157,-767.95,23083.3,-71.5181,-48.6418
0.587032,0.593583,27160.6,-773.873,23068.7,-71.5186,-48.6199
0.587402,0.593981,27164.1,-779.791,23054.1,-71.5191,-48.5978
0.587773,0.594379,27167.7,-785.704,23039.5,-71.5196,-48.5757
0.588143,0.594777,27171.2,-791.613,23024.9,-71.5201,-48.5534
0.588513,0.595176,27174.8,-797.516,23010.3,-71.5206,-48.5311
0.588884,0.595574,27178.4,-803.418,22995.7,-71.5212,-48.5086
0.589254,0.595972,27181.9,-809.312,22981,-71.5217,-48.4861
0.589624,0.59637,27185.5,-815.204,22966.4,-71.5223,-48.4634
0.589995,0.596769,27189.1,-821.09,22951.8,-71.5229,-48.4407
0.590365,0.597167,27192.6,-826.971,22937.2,-71.5235,-48.4179
0.590736,0.597565,27196.2,-832.847,22922.6,-71.5241,-48.3949
0.591106,0.597963,27199.8,-838.717,22907.9,-71.5247,-48.3719
0.591476,0.598362,27203.4,-844.583,22893.3,-71.5253,-48.3487
0.591847,0.59876,27206.9,-850.446,22878.7,-71.526,-48.3255
0.592217,0.599158,27210.5,-856.3,22864.1,-71.5267,-48.3022
0.592587,0.599556,27214.1,-862.151,22849.4,-71.5274,-48.2788
0.592958,0.599955,27217.7,-867.997,22834.8,-71.5281,-48.2552
0.593328,0.600353,27221.2,-873.836,22820.2,-71.5288,-48.2316
0.593698,0.600751,27224.8,-879.67,22805.5,-71.5295,-48.2079
0.594069,0.601149,27228.4,-885.501,22790.9,-71.5303,-48.1841
0.594439,0.601548,27232,-891.323,22776.3,-71.531,-48.1602
0.59481,0.601946,27235.6,-897.141,22761.6,-71.5318,-48.1362
0.59518,0.602344,27239.2,-902.954,22747,-71.5326,-48.1121
0.59555,0.602742,27242.8,-908.761,22732.3,-71.5334,-48.0879
0.595921,0.60314,27246.4,-914.563,22717.7,-71.5342,-48.0636
0.596291,0.603539,27250,-920.357,22703.1,-71.5351,-48.0392
0.596661,0.603937,27253.6,-926.147,22688.4,-71.5359,-48.0147
0.597032,0.604335,27257.2,-931.929,22673.8,-71.5368,-47.9902
0.597402,0.604733,27260.8,-937.707,22659.1,-71.5377,-47.9655
0.597772,0.605132,27264.4,-943.48,22644.5,-71.5386,-47.9407
0.598143,0.60553,27268,-949.244,22629.8,-71.5395,-47.9159
0.598513,0.605928,27271.6,-955.003,22615.1,-71.5405,-47.8909
0.598884,0.606326,27275.2,-960.758,22600.5,-71.5414,-47.8659
0.599254,0.606725,27278.8,-966.505,22585.8,-71.5424,-47.8408
0.599624,0.607123,27282.4,-972.244,22571.2,-71.5434,-47.8155
0.599995,0.607521,27286,-977.979,22556.5,-71.5444,-47.7902
0.600365,0.607919,27289.7,-983.707,22541.8,-71.5454,-47.7648
0.600735,0.608318,27293.3,-989.427,22527.2,-71.5465,-47.7393
0.601106,0.608716,27296.9,-995.096,22512.6,-71.5475,-47.7137
0.601476,0.609114,27300.4,-1000.65,22498.3,-71.5486,-47.688
0.601846,0.609512,27304.1,-1006.49,22483.3,-71.5497,-47.6623
0.602217,0.609911,27307.8,-1012.28,22468.5,-71.5508,-47.6364
0.602587,0.610309,27311.4,-1018,22453.8,-71.5519,-47.6105
0.602958,0.610707,27315,-1023.74,22439.1,-71.5531,-47.5844
0.603328,0.611105,27318.6,-1029.48,22424.5,-71.5542,-47.5582
0.603698,0.611504,27322.2,-1035.23,22409.8,-71.5554,-47.5319
0.604069,0.611902,27325.8,-1040.98,22395.1,-71.5566,-47.5055
0.604439,0.6123,27329.4,-1046.75,22380.5,-71.5578,-47.4789
0.604809,0.612698,27333,-1052.52,22365.8,-71.559,-47.4522
0.60518,0.613097,27336.6,-1058.3,22351.2,-71.5602,-47.4253
0.60555,0.613495,27340.1,-1064.08,22336.5,-71.5614,-47.3983
0.60592,0.613893,27343.7,-1069.87,22321.9,-71.5626,-47.3711
0.606291,0.614291,27347.3,-1075.67,22307.2,-71.5638,-47.3437
0.606661,0.614689,27350.8,-1081.47,22292.6,-71.565,-47.3162
0.607032,0.615088,27354.4,-1087.28,22277.9,-71.5662,-47.2885
0.607402,0.615486,27358,-1093.1,22263.3,-71.5675,-47.2605
0.607772,0.615884,27361.5,-1098.92,22248.6,-71.5687,-47.2324
0.608143,0.616282,27365.1,-1104.75,22234,-71.5699,-47.2041
0.608513,0.616681,27368.6,-1110.59,22219.3,-71.5711,-47.1756
0.608883,0.617079,27372.1,-1116.43,22204.7,-71.5723,-47.1468
0.609254,0.617477,27375.7,-1122.27,22190,-71.5735,-47.1179
0.609624,0.617875,27379.2,-1128.13,22175.4,-71.5747,-47.0887
0.609995,0.618274,27382.7,-1133.98,22160.8,-71.5759,-47.0594
0.610365,0.618672,27386.2,-1139.84,22146.1,-71.5771,-47.0298
0.610735,0.61907,27389.8,-1145.72,22131.5,-71.5782,-47
0.611106,0.619468,27393.3,-1151.59,22116.9,-71.5794,-46.9699
0.611476,0.619867,27396.8,-1157.47,22102.2,-71.5806,-46.9397
0.611846,0.620265,27400.3,-1163.36,22087.6,-71.5817,-46.9092
0.612217,0.620663,27403.8,-1169.25,22073,-71.5829,-46.8785
0.612587,0.621061,27407.3,-1175.14,22058.3,-71.584,-46.8476
0.612957,0.62146,27410.8,-1181.04,22043.7,-71.5852,-46.8164
0.613328,0.621858,27414.3,-1186.95,22029.1,-71.5863,-46.785
0.613698,0.622256,27417.8,-1192.85,22014.5,-71.5874,-46.7534
0.614069,0.622654,27421.3,-1198.77,21999.8,-71.5885,-46.7215
0.614439,0.623053,27424.8,-1204.69,21985.2,-71.5897,-46.6895
0.614809,0.623451,27428.2,-1210.61,21970.6,-71.5908,-46.6572
0.61518,0.623849,27431.7,-1216.54,21956,-71.5919,-46.6246
0.61555,0.624247,27435.2,-1222.47,21941.3,-71.5929,-46.5919
0.61592,0.624646,27438.7,-1228.41,21926.7,-71.594,-46.5589
0.616291,0.625044,27442.1,-1234.35,21912.1,-71.5951,-46.5257
0.616661,0.625442,27445.6,-1240.29,21897.5,-71.5962,-46.4922
0.617031,0.62584,27449.1,-1246.24,21882.9,-71.5972,-46.4586
0.617402,0.626239,27452.5,-1252.19,21868.2,-71.5983,-46.4247
0.617772,0.626637,27456,-1258.15,21853.6,-71.5993,-46.3906
0.618143,0.627035,27459.4,-1264.11,21839,-71.6004,-46.3562
0.618513,0.627433,27462.9,-1270.07,21824.4,-71.6014,-46.3217
0.618883,0.627831,27466.3,-1276.03,21809.8,-71.6024,-46.2869
0.619254,0.62823,27469.8,-1282.01,21795.2,-71.6035,-46.2519
0.619624,0.628628,27473.2,-1287.98,21780.6,-71.6045,-46.2166
0.619994,0.629026,27476.7,-1293.95,21766,-71.6055,-46.1812
0.620365,0.629424,27480.1,-1299.93,21751.3,-71.6065,-46.1455
0.620735,0.629823,27483.6,-1305.92,21736.7,-71.6075,-46.1096
0.621105,0.630221,27487,-1311.9,21722.1,-71.6085,-46.0735
0.621476,0.630619,27490.4,-1317.89,21707.5,-71.6095,-46.0372
0.621846,0.631017,27493.9,-1323.88,21692.9,-71.6105,-46.0006
0.622217,0.631416,27497.3,-1329.87,21678.3,-71.6115,-45.9639
0.622587,0.631814,27500.7,-1335.87,21663.7,-71.6125,-45.9269
0.622957,0.632212,27504.1,-1341.87,21649.1,-71.6134,-45.8897
0.623328,0.63261,27507.6,-1347.87,21634.5,-71.6144,-45.8523
0.623698,0.633009,27511,-1353.88,21619.9,-71.6154,-45.8147
0.624068,0.633407,27514.4,-1359.88,21605.3,-71.6163,-45.7769
0.624439,0.633805,27517.8,-1365.89,21590.7,-71.6173,-45.7389
0.624809,0.634203,27521.2,-1371.9,21576.1,-71.6183,-45.7006
0.625179,0.634602,27524.6,-1377.91,21561.5,-71.6192,-45.6622
0.62555,0.635,27528,-1383.93,21546.9,-71.6202,-45.6235
0.62592,0.635398,27531.5,-1389.95,21532.3,-71.6212,-45.5847
0.626291,0.635796,27534.9,-1395.96,21517.7,-71.6221,-45.5456
0.626661,0.636195,27538.3,-1401.98,21503.1,-71.6231,-45.5063
0.627031,0.636593,27541.7,-1408.01,21488.5,-71.624,-45.4669
0.627402,0.636991,27545.1,-1414.03,21473.9,-71.625,-45.4272
0.627772,0.637389,27548.5,-1420.05,21459.3,-71.6259,-45.3873
0.628142,0.637788,27551.9,-1426.08,21444.7,-71.6269,-45.3473
0.628513,0.638186,27555.3,-1432.11,21430.1,-71.6278,-45.307
0.628883,0.638584,27558.7,-1438.14,21415.5,-71.6287,-45.2665
0.629253,0.638982,27562.1,-1444.17,21400.9,-71.6297,-45.2258
0.629624,0.639381,27565.5,-1450.2,21386.3,-71.6306,-45.185
0.629994,0.639779,27568.9,-1456.23,21371.7,-71.6316,-45.1439
0.630365,0.640177,27572.2,-1462.26,21357.1,-71.6325,-45.1026
0.630735,0.640575,27575.6,-1468.3,21342.5,-71.6335,-45.0612
0.631105,0.640973,27579,-1474.33,21327.9,-71.6344,-45.0195
0.631476,0.641372,27582.4,-1480.37,21313.3,-71.6354,-44.9777
0.631846,0.64177,27585.8,-1486.41,21298.7,-71.6363,-44.9357
0.632216,0.642168,27589.2,-1492.44,21284.1,-71.6373,-44.8935
0.632587,0.642566,27592.6,-1498.48,21269.5,-71.6382,-44.851
0.632957,0.642965,27596,-1504.52,21254.9,-71.6392,-44.8084
0.633327,0.643363,27599.3,-1510.55,21240.3,-71.6401,-44.7657
0.633698,0.643761,27602.7,-1516.59,21225.7,-71.6411,-44.7227
0.634068,0.644159,27606.1,-1522.63,21211.1,-71.6421,-44.6795
0.634439,0.644558,27609.5,-1528.67,21196.5,-71.643,-44.6362
0.634809,0.644956,27612.9,-1534.71,21181.9,-71.644,-44.5927
0.635179,0.645354,27616.2,-1540.75,21167.3,-71.645,-44.549
0.63555,0.645752,27619.6,-1546.78,21152.7,-71.6459,-44.5051
0.63592,0.646151,27623,-1552.82,21138.1,-71.6469,-44.461
0.63629,0.646549,27626.4,-1558.86,21123.5,-71.6479,-44.4167
0.636661,0.646947,27629.8,-1564.9,21108.9,-71.6489,-44.3723
0.637031,0.647345,27633.1,-1570.94,21094.3,-71.6498,-44.3277
0.637402,0.647744,27636.5,-1576.97,21079.7,-71.6508,-44.2829
0.637772,0.648142,27639.9,-1583.01,21065.1,-71.6518,-44.238
0.638142,0.64854,27643.3,-1589.04,21050.5,-71.6528,-44.1928
0.638513,0.648938,27646.7,-1595.08,21035.9,-71.6538,-44.1475
0.638883,0.649337,27650,-1601.11,21021.3,-71.6549,-44.102
0.639253,0.649735,27653.4,-1607.14,21006.7,-71.6559,-44.0564
0.639624,0.650133,27656.8,-1613.18,20992.1,-71.6569,-44.0105
0.639994,0.650531,27660.2,-1619.2,20977.5,-71.6579,-43.9646
0.640364,0.65093,27663.5,-1625.23,20962.9,-71.659,-43.9184
0.640735,0.651328,27666.9,-1631.26,20948.3,-71.66,-43.872
0.641105,0.651726,27670.3,-1637.29,20933.7,-71.661,-43.8255
0.641475,0.652124,27673.7,-1643.32,20919.1,-71.6621,-43.7789
0.641846,0.652523,27677,-1649.34,20904.4,-71.6632,-43.732
0.642216,0.652921,27680.4,-1655.36,20889.8,-71.6642,-43.685
0.642587,0.653319,27683.8,-1661.39,20875.2,-71.6653,-43.6379
0.642957,0.653717,27687.2,-1667.41,20860.6,-71.6664,-43.5905
0.643327,0.654115,27690.5,-1673.42,20846,-71.6674,-43.543
0.643698,0.654514,27693.9,-1679.44,20831.4,-71.6685,-43.4954
0.644068,0.654912,27697.3,-1685.45,20816.8,-71.6696,-43.4476
0.644438,0.65531,27700.7,-1691.47,20802.2,-71.6707,-43.3996
0.644809,0.655708,27704.1,-1697.48,20787.6,-71.6719,-43.3515
0.645179,0.656107,27707.4,-1703.49,20773,-71.673,-43.3032
0.64555,0.656505,27710.8,-1709.49,20758.3,-71.6741,-43.2547
0.64592,0.656903,27714.2,-1715.49,20743.7,-71.6753,-43.2061
0.64629,0.657301,27717.6,-1721.5,20729.1,-71.6764,-43.1574
0.646661,0.6577,27721,-1727.5,20714.5,-71.6776,-43.1085
0.647031,0.658098,27724.4,-1733.49,20699.9,-71.6787,-43.0594
0.647401,0.658496,27727.7,-1739.49,20685.3,-71.6799,-43.0102
0.647772,0.658894,27731.1,-1745.48,20670.7,-71.6811,-42.9608
0.648142,0.659293,27734.5,-1751.47,20656,-71.6823,-42.9113
0.648512,0.659691,27737.9,-1757.45,20641.4,-71.6835,-42.8616
0.648883,0.660089,27741.3,-1763.44,20626.8,-71.6847,-42.8118
0.649253,0.660487,27744.7,-1769.42,20612.2,-71.686,-42.7619
0.649624,0.660886,27748.1,-1775.39,20597.6,-71.6872,-42.7118
0.649994,0.661284,27751.5,-1781.37,20582.9,-71.6884,-42.6615
0.650364,0.661682,27754.8,-1787.34,20568.3,-71.6897,-42.6111
0.650735,0.66208,27758.2,-1793.3,20553.7,-71.691,-42.5606
0.651105,0.662479,27761.6,-1799.27,20539.1,-71.6923,-42.5099
0.651475,0.662877,27765,-1805.23,20524.4,-71.6936,-42.4591
0.651846,0.663275,27768.4,-1811.19,20509.8,-71.6949,-42.4081
0.652216,0.663673,27771.8,-1817.14,20495.2,-71.6962,-42.3571
0.652586,0.664072,27775.2,-1823.09,20480.5,-71.6975,-42.3058
0.652957,0.66447,27778.6,-1829.04,20465.9,-71.6988,-42.2545
0.653327,0.664868,27782,-1834.98,20451.3,-71.7002,-42.2029
0.653698,0.665266,27785.4,-1840.92,20436.6,-71.7016,-42.1513
0.654068,0.665664,27788.8,-1846.86,20422,-71.7029,-42.0995
0.654438,0.666063,27792.2,-1852.79,20407.4,-71.7043,-42.0476
0.654809,0.666461,27795.7,-1858.71,20392.7,-71.7057,-41.9956
0.655179,0.666859,27799.1,-1864.64,20378.1,-71.7072,-41.9434
0.655549,0.667257,27802.5,-1870.56,20363.4,-71.7086,-41.8911
0.65592,0.667656,27805.9,-1876.47,20348.8,-71.71,-41.8387
0.65629,0.668054,27809.3,-1882.38,20334.2,-71.7115,-41.7862
0.65666,0.668452,27812.7,-1888.29,20319.5,-71.713,-41.7335
0.657031,0.66885,27816.1,-1894.19,20304.9,-71.7145,-41.6807
0.657401,0.669249,27819.6,-1900.08,20290.2,-71.716,-41.6278
0.657772,0.669647,27823,-1905.98,20275.6,-71.7175,-41.5747
0.658142,0.670045,27826.4,-1911.86,20260.9,-71.719,-41.5216
0.658512,0.670443,27829.8,-1917.74,20246.3,-71.7206,-41.4683
0.658883,0.670842,27833.3,-1923.62,20231.6,-71.7221,-41.4149
0.659253,0.67124,27836.7,-1929.49,20217,-71.7237,-41.3614
0.659623,0.671638,27840.1,-1935.36,20202.3,-71.7253,-41.3077
0.659994,0.672036,27843.6,-1941.22,20187.6,-71.7269,-41.254
0.660364,0.672435,27847,-1947.08,20173,-71.7285,-41.2001
0.660734,0.672833,27850.5,-1952.93,20158.3,-71.7302,-41.1461
0.661105,0.673231,27853.9,-1958.78,20143.7,-71.7318,-41.092
0.661475,0.673629,27857.3,-1964.62,20129,-71.7335,-41.0378
0.661846,0.674028,27860.8,-1970.45,20114.3,-71.7352,-40.9835
0.662216,0.674426,27864.2,-1976.28,20099.7,-71.7369,-40.9291
0.662586,0.674824,27867.7,-1982.11,20085,-71.7387,-40.8745
0.662957,0.675222,27871.1,-1987.92,20070.3,-71.7404,-40.8199
0.663327,0.67562,27874.6,-1993.73,20055.6,-71.7422,-40.7651
0.663697,0.676019,27878.1,-1999.54,20041,-71.7439,-40.7103
0.664068,0.676417,27881.5,-2005.34,20026.3,-71.7457,-40.6553
0.664438,0.676815,27885,-2011.14,20011.6,-71.7476,-40.6003
0.664809,0.677213,27888.5,-2016.92,19996.9,-71.7494,-40.5452
0.665179,0.677612,27891.9,-2022.7,19982.3,-71.7512,-40.4899
0.665549,0.67801,27895.4,-2028.48,19967.6,-71.7531,-40.4346
0.66592,0.678408,27898.9,-2034.25,19952.9,-71.755,-40.3791
0.66629,0.678806,27902.4,-2040.01,19938.2,-71.7569,-40.3236
0.66666,0.679205,27905.9,-2045.76,19923.5,-71.7588,-40.2679
0.667031,0.679603,27909.3,-2051.51,19908.8,-71.7608,-40.2122
0.667401,0.680001,27912.8,-2057.25,19894.1,-71.7628,-40.1564
0.667771,0.680399,27916.3,-2062.99,19879.4,-71.7648,-40.1005
0.668142,0.680798,27919.8,-2068.72,19864.7,-71.7668,-40.0445
0.668512,0.681196,27923.3,-2074.44,19850,-71.7688,-39.9884
0.668882,0.681594,27926.8,-2080.15,19835.3,-71.7709,-39.9323
0.669253,0.681992,27930.3,-2085.86,19820.6,-71.7729,-39.876
0.669623,0.682391,27933.8,-2091.56,19805.9,-71.775,-39.8197
0.669994,0.682789,27937.4,-2097.25,19791.2,-71.7771,-39.7633
0.670364,0.683187,27940.9,-2102.93,19776.5,-71.7793,-39.7068
0.670734,0.683585,27944.4,-2108.61,19761.8,-71.7814,-39.6502
0.671105,0.683984,27947.9,-2114.28,19747.1,-71.7836,-39.5936
0.671475,0.684382,27951.4,-2119.94,19732.4,-71.7858,-39.5368
0.671845,0.68478,27955,-2125.6,19717.6,-71.788,-39.48
0.672216,0.685178,27958.5,-2131.24,19702.9,-71.7903,-39.4231
0.672586,0.685577,27962,-2136.88,19688.2,-71.7925,-39.3662
0.672957,0.685975,27965.6,-2142.51,19673.5,-71.7948,-39.3092
0.673327,0.686373,27969.1,-2148.13,19658.8,-71.7971,-39.2521
0.673697,0.686771,27972.7,-2153.75,19644,-71.7995,-39.1949
0.674068,0.687169,27976.2,-2159.35,19629.3,-71.8018,-39.1377
0.674438,0.687568,27979.8,-2164.95,19614.6,-71.8042,-39.0804
0.674808,0.687966,27983.4,-2170.54,19599.8,-71.8066,-39.0231
0.675179,0.688364,27986.9,-2176.12,19585.1,-71.8091,-38.9657
0.675549,0.688762,27990.5,-2181.69,19570.4,-71.8115,-38.9082
0.675919,0.689161,27994.1,-2187.25,19555.6,-71.814,-38.8507
0.67629,0.689559,27997.6,-2192.8,19540.9,-71.8165,-38.7931
0.67666,0.689957,28001.2,-2198.35,19526.1,-71.8191,-38.7355
0.677031,0.690355,28004.8,-2203.88,19511.4,-71.8216,-38.6778
0.677401,0.690754,28008.4,-2209.41,19496.6,-71.8242,-38.62
0.677771,0.691152,28012,-2214.92,19481.9,-71.8268,-38.5622
0.678142,0.69155,28015.6,-2220.43,19467.1,-71.8294,-38.5044
0.678512,0.691948,28019.2,-2225.93,19452.4,-71.8321,-38.4465
0.678882,0.692347,28022.8,-2231.42,19437.6,-71.8348,-38.3886
0.679253,0.692745,28026.4,-2236.9,19422.8,-71.8375,-38.3306
0.679623,0.693143,28030,-2242.37,19408.1,-71.8402,-38.2726
0.679993,0.693541,28033.7,-2247.83,19393.3,-71.843,-38.2145
0.680364,0.69394,28037.3,-2253.28,19378.5,-71.8458,-38.1564
0.680734,0.694338,28040.9,-2258.72,19363.8,-71.8486,-38.0983
0.681105,0.694736,28044.6,-2264.15,19349,-71.8514,-38.0401
0.681475,0.695134,28048.2,-2269.57,19334.2,-71.8543,-37.9819
0.681845,0.695533,28051.8,-2274.98,19319.4,-71.8572,-37.9236
0.682216,0.695931,28055.5,-2280.37,19304.6,-71.8602,-37.8654
0.682586,0.696329,28059.2,-2285.76,19289.8,-71.8631,-37.8071
0.682956,0.696727,28062.8,-2291.14,19275.1,-71.8661,-37.7487
0.683327,0.697126,28066.5,-2296.51,19260.3,-71.8691,-37.6904
0.683697,0.697524,28070.1,-2301.87,19245.5,-71.8722,-37.632
0.684067,0.697922,28073.8,-2307.21,19230.7,-71.8752,-37.5736
0.684438,0.69832,28077.5,-2312.55,19215.9,-71.8783,-37.5152
0.684808,0.698719,28081.2,-2317.87,19201.1,-71.8815,-37.4567
0.685179,0.699117,28084.9,-2323.18,19186.3,-71.8847,-37.3983
0.685549,0.699515,28088.6,-2328.48,19171.5,-71.8878,-37.3398
0.685919,0.699913,28092.3,-2333.78,19156.7,-71.8911,-37.2813
0.68629,0.700311,28096,-2339.05,19141.8,-71.8943,-37.2228
0.68666,0.70071,28099.7,-2344.32,19127,-71.8976,-37.1643
0.68703,0.701108,28103.4,-2349.58,19112.2,-71.9009,-37.1058
0.687401,0.701506,28107.2,-2354.82,19097.4,-71.9043,-37.0473
0.687771,0.701904,28110.9,-2360.05,19082.6,-71.9077,-36.9888
0.688141,0.702303,28114.6,-2365.27,19067.7,-71.9111,-36.9303
0.688512,0.702701,28118.4,-2370.48,19052.9,-71.9145,-36.8717
0.688882,0.703099,28122.1,-2375.67,19038.1,-71.918,-36.8132
0.689253,0.703497,28125.9,-2380.86,19023.2,-71.9215,-36.7547
0.689623,0.703896,28129.6,-2386.03,19008.4,-71.9251,-36.6962
0.689993,0.704294,28133.4,-2391.18,18993.6,-71.9286,-36.6377
0.690364,0.704692,28137.2,-2396.33,18978.7,-71.9322,-36.5792
0.690734,0.70509,28140.9,-2401.46,18963.9,-71.9359,-36.5208
0.691104,0.705489,28144.7,-2406.58,18949,-71.9396,-36.4623
0.691475,0.705887,28148.5,-2411.69,18934.2,-71.9433,-36.4039
0.691845,0.706285,28152.3,-2416.78,18919.3,-71.947,-36.3455
0.692216,0.706683,28156.1,-2421.86,18904.5,-71.9508,-36.2871
0.692586,0.707082,28159.9,-2426.93,18889.6,-71.9546,-36.2287
0.692956,0.70748,28163.7,-2431.99,18874.7,-71.9585,-36.1703
0.693327,0.707878,28167.6,-2437.03,18859.9,-71.9624,-36.112
0.693697,0.708276,28171.4,-2442.05,18845,-71.9663,-36.0537
0.694067,0.708675,28175.2,-2447.07,18830.1,-71.9702,-35.9955
0.694438,0.709073,28179.1,-2452.07,18815.2,-71.9742,-35.9372
0.694808,0.709471,28182.9,-2457.05,18800.4,-71.9783,-35.879
0.695178,0.709869,28186.8,-2462.02,18785.5,-71.9823,-35.8209
0.695549,0.710268,28190.6,-2466.98,18770.6,-71.9864,-35.7628
0.695919,0.710666,28194.5,-2471.92,18755.7,-71.9906,-35.7047
0.696289,0.711064,28198.4,-2476.85,18740.8,-71.9947,-35.6467
0.69666,0.711462,28202.3,-2481.76,18725.9,-71.999,-35.5887
0.69703,0.71186,28206.2,-2486.66,18711,-72.0032,-35.5308
0.697401,0.712259,28210,-2491.55,18696.1,-72.0075,-35.4729
0.697771,0.712657,28214,-2496.42,18681.2,-72.0118,-35.4151
0.698141,0.713055,28217.9,-2501.27,18666.3,-72.0162,-35.3573
0.698512,0.713453,28221.8,-2506.11,18651.4,-72.0206,-35.2996
0.698882,0.713852,28225.7,-2510.94,18636.5,-72.025,-35.242
0.699252,0.71425,28229.6,-2515.75,18621.6,-72.0295,-35.1844
0.699623,0.714648,28233.6,-2520.54,18606.7,-72.0341,-35.1269
0.699993,0.715046,28237.5,-2525.31,18591.8,-72.0386,-35.0695
0.700364,0.715445,28241.5,-2530.08,18576.8,-72.0432,-35.0121
0.700734,0.715843,28245.4,-2534.82,18561.9,-72.0479,-34.9548
0.701104,0.716241,28249.4,-2539.55,18547,-72.0526,-34.8976
0.701475,0.716639,28253.4,-2544.27,18532,-72.0573,-34.8404
0.701845,0.717038,28257.4,-2548.96,18517.1,-72.0621,-34.7834
0.702215,0.717436,28261.4,-2553.64,18502.2,-72.0669,-34.7264
0.702586,0.717834,28265.4,-2558.31,18487.2,-72.0717,-34.6695
0.702956,0.718232,28269.4,-2562.95,18472.3,-72.0766,-34.6127
0.703326,0.718631,28273.4,-2567.59,18457.3,-72.0816,-34.556
0.703697,0.719029,28277.4,-2572.2,18442.4,-72.0865,-34.4994
0.704067,0.719427,28281.5,-2576.8,18427.4,-72.0916,-34.4429
0.704437,0.719825,28285.5,-2581.38,18412.5,-72.0966,-34.3865
0.704808,0.720224,28289.5,-2585.94,18397.5,-72.1017,-34.3302
0.705178,0.720622,28293.6,-2590.48,18382.5,-72.1069,-34.2739
0.705549,0.72102,28297.7,-2595.01,18367.6,-72.1121,-34.2178
0.705919,0.721418,28301.7,-2599.52,18352.6,-72.1173,-34.1618
0.706289,0.721817,28305.8,-2604.01,18337.6,-72.1226,-34.106
0.70666,0.722215,28309.9,-2608.48,18322.7,-72.128,-34.0502
0.70703,0.722613,28314,-2612.94,18307.7,-72.1333,-33.9946
0.7074,0.723011,28318.1,-2617.37,18292.7,-72.1388,-33.939
0.707771,0.723409,28322.2,-2621.79,18277.7,-72.1442,-33.8836
0.708141,0.723808,28326.4,-2626.19,18262.7,-72.1497,-33.8284
0.708512,0.724206,28330.5,-2630.57,18247.7,-72.1553,-33.7732
0.708882,0.724604,28334.6,-2634.94,18232.7,-72.1609,-33.7182
0.709252,0.725002,28338.8,-2639.28,18217.7,-72.1666,-33.6633
0.709623,0.725401,28342.9,-2643.6,18202.7,-72.1723,-33.6086
0.709993,0.725799,28347.1,-2647.91,18187.7,-72.1781,-33.554
0.710363,0.726197,28351.3,-2652.19,18172.7,-72.1839,-33.4996
0.710734,0.726595,28355.5,-2656.46,18157.7,-72.1897,-33.4453
0.711104,0.726994,28359.7,-2660.71,18142.7,-72.1956,-33.3911
0.711474,0.727392,28363.9,-2664.93,18127.7,-72.2016,-33.3371
0.711845,0.72779,28368.1,-2669.13,18112.7,-72.2076,-33.2833
0.712215,0.728188,28372.3,-2673.32,18097.6,-72.2136,-33.2296
0.712586,0.728587,28376.6,-2677.48,18082.6,-72.2197,-33.1761
0.712956,0.728985,28380.8,-2681.63,18067.6,-72.2259,-33.1227
0.713326,0.729383,28385.1,-2685.75,18052.6,-72.2321,-33.0696
0.713697,0.729781,28389.3,-2689.85,18037.5,-72.2383,-33.0166
0.714067,0.73018,28393.6,-2693.98,18022.3,-72.2447,-32.9637
0.714437,0.730578,28398,-2698.1,18007.1,-72.251,-32.911
0.714808,0.730976,28402.2,-2702.04,17992.4,-72.2574,-32.8585
0.715178,0.731374,28406.5,-2706.06,17977.4,-72.2639,-32.8062
0.715548,0.731773,28410.8,-2710.08,17962.3,-72.2704,-32.7541
0.715919,0.732171,28415.1,-2714.08,17947.3,-72.2769,-32.7021
0.716289,0.732569,28419.4,-2718.08,17932.2,-72.2835,-32.6504
0.71666,0.732967,28423.7,-2722.06,17917.2,-72.2901,-32.5987
0.71703,0.733366,28428,-2726.03,17902.1,-72.2968,-32.5472
0.7174,0.733764,28432.3,-2729.99,17887.1,-72.3034,-32.4958
0.717771,0.734162,28436.6,-2733.93,17872,-72.31,-32.4445
0.718141,0.73456,28441,-2737.87,17856.9,-72.3167,-32.3933
0.718511,0.734958,28445.3,-2741.79,17841.9,-72.3233,-32.3422
0.718882,0.735357,28449.6,-2745.7,17826.8,-72.3298,-32.2912
0.719252,0.735755,28454,-2749.6,17811.7,-72.3364,-32.2402
0.719622,0.736153,28458.3,-2753.49,17796.7,-72.3429,-32.1892
0.719993,0.736551,28462.7,-2757.37,17781.6,-72.3494,-32.1383
0.720363,0.73695,28467,-2761.23,17766.5,-72.3558,-32.0874
0.720734,0.737348,28471.4,-2765.09,17751.5,-72.3621,-32.0365
0.721104,0.737746,28475.8,-2768.93,17736.4,-72.3684,-31.9855
0.721474,0.738144,28480.1,-2772.76,17721.3,-72.3746,-31.9346
0.721845,0.738543,28484.5,-2776.58,17706.2,-72.3808,-31.8837
0.722215,0.738941,28488.9,-2780.38,17691.2,-72.3868,-31.8327
0.722585,0.739339,28493.2,-2784.18,17676.1,-72.3928,-31.7817
0.722956,0.739737,28497.6,-2787.96,17661,-72.3987,-31.7306
0.723326,0.740136,28502,-2791.73,17645.9,-72.4045,-31.6796
0.723696,0.740534,28506.4,-2795.49,17630.8,-72.4103,-31.6284
0.724067,0.740932,28510.8,-2799.24,17615.7,-72.4159,-31.5772
0.724437,0.74133,28515.2,-2802.98,17600.6,-72.4215,-31.526
0.724808,0.741729,28519.6,-2806.7,17585.5,-72.427,-31.4747
0.725178,0.742127,28524,-2810.42,17570.4,-72.4323,-31.4234
0.725548,0.742525,28528.4,-2814.12,17555.4,-72.4376,-31.372
0.725919,0.742923,28532.8,-2817.81,17540.3,-72.4428,-31.3205
0.726289,0.743322,28537.3,-2821.49,17525.2,-72.4479,-31.2689
0.726659,0.74372,28541.7,-2825.16,17510.1,-72.4529,-31.2173
0.72703,0.744118,28546.1,-2828.81,17495,-72.4578,-31.1657
0.7274,0.744516,28550.5,-2832.46,17479.9,-72.4627,-31.114
0.727771,0.744915,28555,-2836.09,17464.7,-72.4674,-31.0622
0.728141,0.745313,28559.4,-2839.71,17449.6,-72.472,-31.0103
0.728511,0.745711,28563.9,-2843.32,17434.5,-72.4766,-30.9584
0.728882,0.746109,28568.3,-2846.91,17419.4,-72.481,-30.9064
0.729252,0.746507,28572.8,-2850.5,17404.3,-72.4854,-30.8544
0.729622,0.746906,28577.2,-2854.07,17389.2,-72.4897,-30.8022
0.729993,0.747304,28581.7,-2857.63,17374.1,-72.4939,-30.7501
0.730363,0.747702,28586.2,-2861.18,17359,-72.498,-30.6978
0.730733,0.7481,28590.6,-2864.72,17343.9,-72.5021,-30.6456
0.731104,0.748499,28595.1,-2868.25,17328.7,-72.506,-30.5932
0.731474,0.748897,28599.6,-2871.76,17313.6,-72.5099,-30.5408
0.731844,0.749295,28604.1,-2875.27,17298.5,-72.5137,-30.4883
0.732215,0.749693,28608.6,-2878.76,17283.4,-72.5174,-30.4358
0.732585,0.750092,28613.1,-2882.24,17268.2,-72.5211,-30.3833
0.732956,0.75049,28617.5,-2885.7,17253.1,-72.5246,-30.3306
0.733326,0.750888,28622.1,-2889.16,17238,-72.5281,-30.278
0.733696,0.751286,28626.6,-2892.61,17222.9,-72.5316,-30.2252
0.734067,0.751685,28631.1,-2896.04,17207.7,-72.5349,-30.1725
0.734437,0.752083,28635.6,-2899.46,17192.6,-72.5382,-30.1197
0.734807,0.752481,28640.1,-2902.87,17177.5,-72.5414,-30.0668
0.735178,0.752879,28644.6,-2906.27,17162.3,-72.5446,-30.0139
0.735548,0.753278,28649.2,-2909.65,17147.2,-72.5477,-29.961
0.735919,0.753676,28653.7,-2913.03,17132.1,-72.5507,-29.908
0.736289,0.754074,28658.2,-2916.39,17116.9,-72.5537,-29.855
0.736659,0.754472,28662.8,-2919.74,17101.8,-72.5566,-29.802
0.73703,0.754871,28667.3,-2923.08,17086.7,-72.5595,-29.7489
0.7374,0.755269,28671.9,-2926.4,17071.5,-72.5623,-29.6958
0.73777,0.755667,28676.4,-2929.72,17056.4,-72.5651,-29.6427
0.738141,0.756065,28681,-2933.02,17041.2,-72.5678,-29.5895
0.738511,0.756464,28685.6,-2936.32,17026.1,-72.5705,-29.5364
0.738881,0.756862,28690.1,-2939.59,17010.9,-72.5731,-29.4832
0.739252,0.75726,28694.7,-2942.86,16995.8,-72.5757,-29.4299
0.739622,0.757658,28699.3,-2946.12,16980.6,-72.5782,-29.3767
0.739992,0.758056,28703.9,-2949.36,16965.5,-72.5807,-29.3235
0.740363,0.758455,28708.4,-2952.6,16950.3,-72.5832,-29.2702
0.740733,0.758853,28713,-2955.82,16935.2,-72.5856,-29.2169
0.741104,0.759251,28717.6,-2959.03,16920,-72.588,-29.1636
0.741474,0.759649,28722.2,-2962.22,16904.9,-72.5904,-29.1103
0.741844,0.760048,28726.8,-2965.41,16889.7,-72.5927,-29.057
0.742215,0.760446,28731.5,-2968.58,16874.6,-72.595,-29.0037
0.742585,0.760844,28736.1,-2971.74,16859.4,-72.5973,-28.9504
0.742955,0.761242,28740.7,-2974.89,16844.3,-72.5996,-28.8971
0.743326,0.761641,28745.3,-2978.03,16829.1,-72.6018,-28.8438
0.743696,0.762039,28749.9,-2981.16,16813.9,-72.604,-28.7904
0.744067,0.762437,28754.6,-2984.27,16798.8,-72.6062,-28.7371
0.744437,0.762835,28759.2,-2987.38,16783.6,-72.6084,-28.6838
0.744807,0.763234,28763.9,-2990.47,16768.5,-72.6105,-28.6306
0.745178,0.763632,28768.5,-2993.54,16753.3,-72.6127,-28.5773
0.745548,0.76403,28773.2,-2996.61,16738.1,-72.6148,-28.524
0.745918,0.764428,28777.8,-2999.67,16723,-72.6169,-28.4708
0.746289,0.764827,28782.5,-3002.71,16707.8,-72.6191,-28.4175
0.746659,0.765225,28787.1,-3005.74,16692.6,-72.6212,-28.3643
0.747029,0.765623,28791.8,-3008.76,16677.5,-72.6233,-28.3111
0.7474,0.766021,28796.5,-3011.77,16662.3,-72.6254,-28.258
0.74777,0.76642,28801.2,-3014.76,16647.1,-72.6275,-28.2048
0.748141,0.766818,28805.9,-3017.75,16631.9,-72.6296,-28.1517
0.748511,0.767216,28810.6,-3020.72,16616.8,-72.6317,-28.0986
0.748881,0.767614,28815.2,-3023.68,16601.6,-72.6339,-28.0456
0.749252,0.768013,28819.9,-3026.63,16586.4,-72.636,-27.9925
0.749622,0.768411,28824.7,-3029.56,16571.2,-72.6381,-27.9396
0.749992,0.768809,28829.4,-3032.49,16556.1,-72.6403,-27.8866
0.750363,0.769207,28834.1,-3035.4,16540.9,-72.6425,-27.8337
0.750733,0.769606,28838.8,-3038.3,16525.7,-72.6446,-27.7808
0.751103,0.770004,28843.5,-3041.19,16510.5,-72.6468,-27.728
0.751474,0.770402,28848.3,-3044.07,16495.4,-72.6491,-27.6752
0.751844,0.7708,28853,-3046.93,16480.2,-72.6513,-27.6225
0.752215,0.771198,28857.7,-3049.78,16465,-72.6536,-27.5698
0.752585,0.771597,28862.5,-3052.62,16449.8,-72.6559,-27.5171
0.752955,0.771995,28867.2,-3055.45,16434.6,-72.6582,-27.4646
0.753326,0.772393,28872,-3058.27,16419.5,-72.6605,-27.412
0.753696,0.772791,28876.7,-3061.07,16404.3,-72.6629,-27.3596
0.754066,0.77319,28881.5,-3063.87,16389.1,-72.6653,-27.3071
0.754437,0.773588,28886.3,-3066.65,16373.9,-72.6678,-27.2548
0.754807,0.773986,28891,-3069.42,16358.7,-72.6703,-27.2025
0.755177,0.774384,28895.8,-3072.18,16343.5,-72.6728,-27.1503
0.755548,0.774783,28900.6,-3074.92,16328.4,-72.6754,-27.0981
0.755918,0.775181,28905.4,-3077.65,16313.2,-72.678,-27.046
0.756289,0.775579,28910.2,-3080.37,16298,-72.6807,-26.994
0.756659,0.775977,28915,-3083.08,16282.8,-72.6834,-26.942
0.757029,0.776376,28919.8,-3085.78,16267.6,-72.6861,-26.8901
0.7574,0.776774,28924.6,-3088.47,16252.4,-72.6889,-26.8383
0.75777,0.777172,28929.4,-3091.14,16237.2,-72.6918,-26.7866
0.75814,0.77757,28934.2,-3093.8,16222,-72.6947,-26.735
0.758511,0.777969,28939,-3096.45,16206.8,-72.6977,-26.6834
0.758881,0.778367,28943.9,-3099.08,16191.7,-72.7007,-26.6319
0.759251,0.778765,28948.7,-3101.71,16176.5,-72.7038,-26.5805
0.759622,0.779163,28953.5,-3104.32,16161.3,-72.707,-26.5292
0.759992,0.779562,28958.4,-3106.92,16146.1,-72.7102,-26.478
0.760363,0.77996,28963.2,-3109.51,16130.9,-72.7135,-26.4269
0.760733,0.780358,28968.1,-3112.09,16115.7,-72.7168,-26.3758
0.761103,0.780756,28973,-3114.65,16100.5,-72.7203,-26.3249
0.761474,0.781155,28977.8,-3117.2,16085.3,-72.7238,-26.2741
0.761844,0.781553,28982.7,-3119.74,16070.1,-72.7273,-26.2233
0.762214,0.781951,28987.6,-3122.27,16054.9,-72.731,-26.1727
0.762585,0.782349,28992.4,-3124.79,16039.7,-72.7347,-26.1221
0.762955,0.782748,28997.3,-3127.29,16024.5,-72.7385,-26.0717
0.763326,0.783146,29002.2,-3129.78,16009.3,-72.7424,-26.0213
0.763696,0.783544,29007.1,-3132.27,15994.1,-72.7464,-25.9711
0.764066,0.783942,29012,-3134.73,15978.9,-72.7505,-25.921
0.764437,0.78434,29016.9,-3137.19,15963.7,-72.7546,-25.871
0.764807,0.784739,29021.8,-3139.63,15948.5,-72.7589,-25.8211
0.765177,0.785137,29026.7,-3142.06,15933.3,-72.7632,-25.7713
0.765548,0.785535,29031.7,-3144.48,15918.1,-72.7676,-25.7217
0.765918,0.785933,29036.6,-3146.89,15903,-72.7722,-25.6721
0.766288,0.786332,29041.5,-3149.28,15887.8,-72.7768,-25.6227
0.766659,0.78673,29046.5,-3151.67,15872.6,-72.7815,-25.5734
0.767029,0.787128,29051.4,-3154.04,15857.4,-72.7864,-25.5243
0.767399,0.787526,29056.3,-3156.4,15842.2,-72.7913,-25.4752
0.76777,0.787925,29061.3,-3158.74,15827,-72.7963,-25.4263
0.76814,0.788323,29066.3,-3161.08,15811.8,-72.8015,-25.3775
0.768511,0.788721,29071.2,-3163.4,15796.6,-72.8068,-25.3289
0.768881,0.789119,29076.2,-3165.71,15781.4,-72.8121,-25.2804
0.769251,0.789518,29081.2,-3168,15766.2,-72.8176,-25.232
0.769622,0.789916,29086.1,-3170.29,15751,-72.8232,-25.1837
0.769992,0.790314,29091.1,-3172.56,15735.8,-72.829,-25.1356
0.770362,0.790712,29096.1,-3174.82,15720.6,-72.8348,-25.0877
0.770733,0.791111,29101.1,-3177.07,15705.4,-72.8408,-25.0398
0.771103,0.791509,29106.1,-3179.31,15690.2,-72.8469,-24.9922
0.771474,0.791907,29111.1,-3181.53,15675,-72.8531,-24.9446
0.771844,0.792305,29116.1,-3183.74,15659.8,-72.8595,-24.8973
0.772214,0.792704,29121.2,-3185.94,15644.6,-72.8659,-24.85
0.772585,0.793102,29126.2,-3188.13,15629.4,-72.8726,-24.803
0.772955,0.7935,29131.2,-3190.31,15614.2,-72.8793,-24.756
0.773325,0.793898,29136.2,-3192.47,15599,-72.8862,-24.7093
0.773696,0.794297,29141.3,-3194.62,15583.8,-72.8932,-24.6627
0.774066,0.794695,29146.3,-3196.76,15568.6,-72.9004,-24.6162
0.774436,0.795093,29151.4,-3198.88,15553.4,-72.9077,-24.5699
0.774807,0.795491,29156.4,-3201,15538.2,-72.9152,-24.5238
0.775177,0.795889,29161.5,-3203.1,15523,-72.9228,-24.4778
0.775548,0.796288,29166.6,-3205.19,15507.8,-72.9305,-24.432
0.775918,0.796686,29171.6,-3207.26,15492.6,-72.9385,-24.3864
0.776288,0.797084,29176.7,-3209.33,15477.4,-72.9465,-24.341
0.776659,0.797482,29181.8,-3211.38,15462.2,-72.9547,-24.2957
0.777029,0.797881,29186.9,-3213.42,15447,-72.9631,-24.2506
0.777399,0.798279,29192,-3215.45,15431.8,-72.9717,-24.2056
0.77777,0.798677,29197.1,-3217.46,15416.6,-72.9804,-24.1609
0.77814,0.799075,29202.2,-3219.46,15401.4,-72.9893,-24.1163
0.77851,0.799474,29207.3,-3221.45,15386.2,-72.9983,-24.0719
0.778881,0.799872,29212.4,-3223.43,15371,-73.0075,-24.0277
0.779251,0.80027,29217.5,-3225.4,15355.8,-73.0169,-23.9837
0.779622,0.800668,29222.7,-3227.35,15340.6,-73.0264,-23.9398
0.779992,0.801067,29227.8,-3229.29,15325.4,-73.0362,-23.8962
0.780362,0.801465,29232.9,-3231.22,15310.2,-73.0461,-23.8527
0.780733,0.801863,29238.1,-3233.13,15295,-73.0562,-23.8094
0.781103,0.802261,29243.2,-3235.04,15279.8,-73.0664,-23.7664
0.781473,0.80266,29248.4,-3236.93,15264.6,-73.0769,-23.7235
0.781844,0.803058,29253.6,-3238.8,15249.4,-73.0875,-23.6808
0.782214,0.803456,29258.7,-3240.67,15234.3,-73.0984,-23.6383
0.782584,0.803854,29263.9,-3242.52,15219.1,-73.1094,-23.596
0.782955,0.804253,29269.1,-3244.36,15203.9,-73.1206,-23.5539
0.783325,0.804651,29274.3,-3246.19,15188.7,-73.132,-23.5121
0.783696,0.805049,29279.5,-3248.01,15173.5,-73.1436,-23.4704
0.784066,0.805447,29284.7,-3249.81,15158.3,-73.1554,-23.4289
0.784436,0.805845,29289.9,-3251.6,15143.1,-73.1674,-23.3877
0.784807,0.806244,29295.1,-3253.38,15127.9,-73.1797,-23.3466
0.785177,0.806642,29300.3,-3255.15,15112.7,-73.1921,-23.3058
0.785547,0.80704,29305.5,-3256.9,15097.5,-73.2047,-23.2652
0.785918,0.807438,29310.7,-3258.64,15082.3,-73.2176,-23.2248
0.786288,0.807837,29316,-3260.37,15067.2,-73.2306,-23.1846
0.786658,0.808235,29321.2,-3262.09,15052,-73.2439,-23.1446
0.787029,0.808633,29326.4,-3263.79,15036.8,-73.2574,-23.1049
0.787399,0.809031,29331.7,-3265.48,15021.6,-73.2711,-23.0654
0.78777,0.80943,29336.9,-3267.16,15006.4,-73.2851,-23.0261
0.78814,0.809828,29342.2,-3268.82,14991.2,-73.2993,-22.987
0.78851,0.810226,29347.5,-3270.48,14976,-73.3137,-22.9482
0.788881,0.810624,29352.8,-3272.12,14960.9,-73.3283,-22.9096
0.789251,0.811023,29358,-3273.74,14945.7,-73.3432,-22.8712
0.789621,0.811421,29363.3,-3275.36,14930.5,-73.3583,-22.8331
0.789992,0.811819,29368.6,-3276.96,14915.3,-73.3736,-22.7952
0.790362,0.812217,29373.9,-3278.55,14900.1,-73.3892,-22.7575
0.790733,0.812616,29379.2,-3280.13,14885,-73.405,-22.7201
0.791103,0.813014,29384.5,-3281.69,14869.8,-73.4211,-22.6829
0.791473,0.813412,29389.8,-3283.24,14854.6,-73.4374,-22.6459
0.791844,0.81381,29395.2,-3284.78,14839.4,-73.454,-22.6092
0.792214,0.814209,29400.5,-3286.31,14824.2,-73.4708,-22.5728
0.792584,0.814607,29405.8,-3287.82,14809.1,-73.4879,-22.5366
0.792955,0.815005,29411.2,-3289.32,14793.9,-73.5052,-22.5006
0.793325,0.815403,29416.5,-3290.81,14778.7,-73.5228,-22.4649
0.793695,0.815802,29421.9,-3292.29,14763.6,-73.5407,-22.4295
0.794066,0.8162,29427.2,-3293.75,14748.4,-73.5588,-22.3943
0.794436,0.816598,29432.6,-3295.2,14733.2,-73.5772,-22.3594
0.794806,0.816996,29438,-3296.64,14718,-73.5959,-22.3247
0.795177,0.817394,29443.3,-3298.06,14702.9,-73.6148,-22.2903
0.795547,0.817793,29448.7,-3299.48,14687.7,-73.634,-22.2561
0.795918,0.818191,29454.1,-3300.88,14672.5,-73.6535,-22.2223
0.796288,0.818589,29459.5,-3302.26,14657.4,-73.6733,-22.1886
0.796658,0.818987,29464.9,-3303.64,14642.2,-73.6934,-22.1553
0.797029,0.819386,29470.3,-3305,14627,-73.7137,-22.1222
0.797399,0.819784,29475.7,-3306.34,14611.9,-73.7344,-22.0894
0.797769,0.820182,29481.1,-3307.68,14596.7,-73.7553,-22.0569
0.79814,0.82058,29486.6,-3309,14581.6,-73.7765,-22.0246
0.79851,0.820979,29492,-3310.31,14566.4,-73.7981,-21.9926
0.798881,0.821377,29497.4,-3311.61,14551.2,-73.8199,-21.9609
0.799251,0.821775,29502.9,-3312.89,14536.1,-73.842,-21.9295
0.799621,0.822173,29508.3,-3314.16,14520.9,-73.8645,-21.8984
0.799992,0.822572,29513.8,-3315.42,14505.8,-73.8873,-21.8675
0.800362,0.82297,29519.3,-3316.67,14490.6,-73.9103,-21.837
0.800732,0.823368,29524.7,-3317.9,14475.5,-73.9337,-21.8067
0.801103,0.823766,29530.2,-3319.12,14460.3,-73.9574,-21.7767
0.801473,0.824165,29535.7,-3320.32,14445.2,-73.9814,-21.747
0.801843,0.824563,29541.2,-3321.52,14430,-74.0058,-21.7176
0.802214,0.824961,29546.7,-3322.7,14414.9,-74.0305,-21.6885
0.802584,0.825359,29552.2,-3323.87,14399.7,-74.0555,-21.6597
0.802955,0.825758,29557.7,-3325.02,14384.6,-74.0808,-21.6312
0.803325,0.826156,29563.2,-3326.16,14369.4,-74.1065,-21.603
0.803695,0.826554,29568.7,-3327.29,14354.3,-74.1325,-21.5751
0.804066,0.826952,29574.3,-3328.41,14339.2,-74.1589,-21.5475
0.804436,0.827351,29579.8,-3329.51,14324,-74.1856,-21.5202
0.804806,0.827749,29585.3,-3330.6,14308.9,-74.2127,-21.4932
0.805177,0.828147,29590.9,-3331.68,14293.7,-74.2401,-21.4665
0.805547,0.828545,29596.4,-3332.74,14278.6,-74.2679,-21.4401
0.805917,0.828943,29602,-3333.79,14263.5,-74.296,-21.4141
0.806288,0.829342,29607.6,-3334.83,14248.3,-74.3245,-21.3884
0.806658,0.82974,29613.1,-3335.85,14233.2,-74.3533,-21.363
0.807029,0.830138,29618.7,-3336.87,14218.1,-74.3826,-21.3379
0.807399,0.830536,29624.3,-3337.86,14203,-74.4122,-21.3131
0.807769,0.830935,29629.9,-3338.85,14187.8,-74.4422,-21.2887
0.80814,0.831333,29635.5,-3339.82,14172.7,-74.4725,-21.2645
0.80851,0.831731,29641.1,-3340.78,14157.6,-74.5033,-21.2408
0.80888,0.832129,29646.7,-3341.73,14142.5,-74.5344,-21.2173
0.809251,0.832528,29652.4,-3342.66,14127.4,-74.5659,-21.1942
0.809621,0.832926,29658,-3343.58,14112.2,-74.5978,-21.1714
0.809991,0.833324,29663.6,-3344.49,14097.1,-74.6301,-21.1489
0.810362,0.833722,29669.3,-3345.38,14082,-74.6628,-21.1268
0.810732,0.834121,29674.9,-3346.26,14066.9,-74.6959,-21.105
0.811103,0.834519,29680.6,-3347.13,14051.8,-74.7295,-21.0836
0.811473,0.834917,29686.2,-3347.98,14036.7,-74.7634,-21.0625
0.811843,0.835315,29691.9,-3348.82,14021.6,-74.7977,-21.0418
0.812214,0.835714,29697.6,-3349.65,14006.4,-74.8325,-21.0214
0.812584,0.836112,29703.3,-3350.47,13991.2,-74.8677,-21.0013
0.812954,0.83651,29708.9,-3351.27,13976.2,-74.9033,-20.9816
0.813325,0.836908,29714.6,-3352.05,13961.2,-74.9393,-20.9623
0.813695,0.837307,29720.2,-3352.83,13946.1,-74.9757,-20.9433
0.814065,0.837705,29725.9,-3353.59,13930.9,-75.0124,-20.9246
0.814436,0.838103,29731.6,-3354.34,13915.8,-75.0494,-20.9062
0.814806,0.838501,29737.2,-3355.07,13900.7,-75.0866,-20.8882
0.815177,0.8389,29742.9,-3355.79,13885.6,-75.124,-20.8705
0.815547,0.839298,29748.5,-3356.5,13870.5,-75.1616,-20.8531
0.815917,0.839696,29754.1,-3357.2,13855.3,-75.1994,-20.8359
0.816288,0.840094,29759.8,-3357.88,13840.2,-75.2371,-20.8191
0.816658,0.840493,29765.4,-3358.55,13825.1,-75.275,-20.8025
0.817028,0.840891,29771,-3359.21,13810,-75.3128,-20.7861
0.817399,0.841289,29776.7,-3359.85,13794.8,-75.3505,-20.7701
0.817769,0.841687,29782.3,-3360.48,13779.7,-75.3882,-20.7542
0.818139,0.842085,29787.9,-3361.1,13764.5,-75.4258,-20.7386
0.81851,0.842484,29793.5,-3361.71,13749.4,-75.4633,-20.7233
0.81888,0.842882,29799.1,-3362.3,13734.3,-75.5006,-20.7081
0.819251,0.84328,29804.7,-3362.88,13719.1,-75.5377,-20.6932
0.819621,0.843678,29810.3,-3363.44,13704,-75.5746,-20.6785
0.819991,0.844077,29815.9,-3364,13688.8,-75.6113,-20.664
0.820362,0.844475,29821.5,-3364.54,13673.7,-75.6477,-20.6497
0.820732,0.844873,29827.1,-3365.07,13658.5,-75.684,-20.6356
0.821102,0.845271,29832.7,-3365.58,13643.4,-75.7199,-20.6217
0.821473,0.84567,29838.3,-3366.08,13628.2,-75.7556,-20.608
0.821843,0.846068,29843.9,-3366.57,13613.1,-75.791,-20.5945
0.822213,0.846466,29849.5,-3367.05,13597.9,-75.8261,-20.5812
0.822584,0.846864,29855,-3367.51,13582.8,-75.8609,-20.5681
0.822954,0.847263,29860.6,-3367.96,13567.6,-75.8955,-20.5551
0.823325,0.847661,29866.2,-3368.4,13552.5,-75.9297,-20.5424
0.823695,0.848059,29871.8,-3368.82,13537.3,-75.9636,-20.5298
0.824065,0.848457,29877.4,-3369.23,13522.2,-75.9973,-20.5174
0.824436,0.848856,29882.9,-3369.63,13507,-76.0306,-20.5052
0.824806,0.849254,29888.5,-3370.02,13491.8,-76.0637,-20.4932
0.825176,0.849652,29894.1,-3370.39,13476.7,-76.0965,-20.4813
0.825547,0.85005,29899.7,-3370.75,13461.5,-76.129,-20.4697
0.825917,0.850449,29905.2,-3371.1,13446.4,-76.1612,-20.4582
0.826288,0.850847,29910.8,-3371.43,13431.2,-76.1931,-20.4469
0.826658,0.851245,29916.4,-3371.76,13416,-76.2248,-20.4358
0.827028,0.851643,29922,-3372.07,13400.9,-76.2562,-20.4249
0.827399,0.852042,29927.5,-3372.36,13385.7,-76.2873,-20.4142
0.827769,0.85244,29933.1,-3372.65,13370.6,-76.3182,-20.4036
0.828139,0.852838,29938.7,-3372.92,13355.4,-76.3488,-20.3932
0.82851,0.853236,29944.3,-3373.17,13340.2,-76.3792,-20.3831
0.82888,0.853635,29949.8,-3373.42,13325.1,-76.4094,-20.3731
0.82925,0.854033,29955.4,-3373.65,13309.9,-76.4393,-20.3632
0.829621,0.854431,29961,-3373.87,13294.7,-76.4691,-20.3536
0.829991,0.854829,29966.6,-3374.08,13279.6,-76.4986,-20.3442
0.830361,0.855227,29972.1,-3374.27,13264.4,-76.5279,-20.3349
0.830732,0.855626,29977.7,-3374.45,13249.3,-76.557,-20.3259
0.831102,0.856024,29983.3,-3374.62,13234.1,-76.586,-20.317
0.831473,0.856422,29988.9,-3374.78,13218.9,-76.6147,-20.3083
0.831843,0.85682,29994.5,-3374.92,13203.8,-76.6434,-20.2999
0.832213,0.857219,30000,-3375.05,13188.6,-76.6718,-20.2916
0.832584,0.857617,30005.6,-3375.16,13173.4,-76.7001,-20.2835
0.832954,0.858015,30011.2,-3375.27,13158.3,-76.7283,-20.2756
0.833324,0.858413,30016.8,-3375.36,13143.1,-76.7563,-20.2679
0.833695,0.858812,30022.4,-3375.44,13128,-76.7843,-20.2604
0.834065,0.85921,30028,-3375.5,13112.8,-76.8121,-20.2531
0.834436,0.859608,30033.6,-3375.55,13097.7,-76.8398,-20.246
0.834806,0.860006,30039.2,-3375.59,13082.5,-76.8675,-20.2391
0.835176,0.860405,30044.8,-3375.62,13067.3,-76.895,-20.2324
0.835547,0.860803,30050.4,-3375.64,13052.2,-76.9225,-20.226
0.835917,0.861201,30056,-3375.64,13037,-76.9499,-20.2197
0.836287,0.861599,30061.6,-3375.62,13021.9,-76.9773,-20.2136
0.836658,0.861998,30067.2,-3375.6,13006.7,-77.0046,-20.2078
0.837028,0.862396,30072.8,-3375.56,12991.6,-77.032,-20.2021
0.837398,0.862794,30078.4,-3375.51,12976.4,-77.0592,-20.1967
0.837769,0.863192,30084.1,-3375.45,12961.3,-77.0865,-20.1914
0.838139,0.863591,30089.7,-3375.37,12946.2,-77.1138,-20.1864
0.83851,0.863989,30095.3,-3375.28,12931,-77.1411,-20.1816
0.83888,0.864387,30100.9,-3375.18,12915.9,-77.1684,-20.177
0.83925,0.864785,30106.6,-3375.06,12900.7,-77.1957,-20.1727
0.839621,0.865184,30112.2,-3374.93,12885.6,-77.2231,-20.1685
0.839991,0.865582,30117.9,-3374.79,12870.4,-77.2505,-20.1646
0.840361,0.86598,30123.5,-3374.63,12855.3,-77.278,-20.1609
0.840732,0.866378,30129.2,-3374.46,12840.2,-77.3056,-20.1574
0.841102,0.866776,30134.8,-3374.28,12825,-77.3332,-20.1542
0.841472,0.867175,30140.5,-3374.09,12809.9,-77.3609,-20.1511
0.841843,0.867573,30146.2,-3373.88,12794.8,-77.3887,-20.1483
0.842213,0.867971,30151.8,-3373.66,12779.7,-77.4167,-20.1457
0.842584,0.868369,30157.5,-3373.42,12764.5,-77.4447,-20.1434
0.842954,0.868768,30163.2,-3373.18,12749.4,-77.4729,-20.1413
0.843324,0.869166,30168.9,-3372.92,12734.3,-77.5013,-20.1394
0.843695,0.869564,30174.6,-3372.64,12719.2,-77.5298,-20.1377
0.844065,0.869962,30180.3,-3372.36,12704.1,-77.5584,-20.1363
0.844435,0.870361,30186,-3372.06,12689,-77.5872,-20.1351
0.844806,0.870759,30191.7,-3371.74,12673.8,-77.6162,-20.1342
0.845176,0.871157,30197.4,-3371.41,12658.7,-77.6454,-20.1335
0.845546,0.871555,30203.1,-3371.07,12643.6,-77.6749,-20.133
0.845917,0.871954,30208.9,-3370.72,12628.5,-77.7045,-20.1328
0.846287,0.872352,30214.6,-3370.35,12613.4,-77.7344,-20.1329
0.846658,0.87275,30220.4,-3369.97,12598.3,-77.7645,-20.1331
0.847028,0.873148,30226.1,-3369.58,12583.2,-77.7948,-20.1336
0.847398,0.873547,30231.9,-3369.17,12568.2,-77.8254,-20.1344
0.847769,0.873945,30237.6,-3368.75,12553.1,-77.8563,-20.1354
0.848139,0.874343,30243.4,-3368.31,12538,-77.8874,-20.1367
0.848509,0.874741,30249.2,-3367.87,12522.9,-77.9189,-20.1382
0.84888,0.87514,30255,-3367.4,12507.8,-77.9507,-20.14
0.84925,0.875538,30260.8,-3366.93,12492.7,-77.9827,-20.142
0.84962,0.875936,30266.6,-3366.44,12477.7,-78.0151,-20.1443
0.849991,0.876334,30272.4,-3365.94,12462.6,-78.0479,-20.1469
0.850361,0.876733,30278.2,-3365.42,12447.5,-78.081,-20.1497
0.850732,0.877131,30284,-3364.89,12432.5,-78.1144,-20.1527
0.851102,0.877529,30289.8,-3364.35,12417.4,-78.1483,-20.1561
0.851472,0.877927,30295.7,-3363.79,12402.4,-78.1825,-20.1597
0.851843,0.878325,30301.5,-3363.22,12387.3,-78.2171,-20.1635
0.852213,0.878724,30307.4,-3362.63,12372.3,-78.2521,-20.1677
0.852583,0.879122,30313.3,-3362.03,12357.2,-78.2875,-20.1721
0.852954,0.87952,30319.1,-3361.42,12342.2,-78.3234,-20.1767
0.853324,0.879918,30325,-3360.79,12327.2,-78.3597,-20.1817
0.853694,0.880317,30330.9,-3360.15,12312.1,-78.3965,-20.1869
0.854065,0.880715,30336.8,-3359.5,12297.1,-78.4337,-20.1924
0.854435,0.881113,30342.7,-3358.83,12282.1,-78.4714,-20.1982
0.854806,0.881511,30348.7,-3358.14,12267.1,-78.5096,-20.2042
0.855176,0.88191,30354.6,-3357.44,12252.1,-78.5483,-20.2106
0.855546,0.882308,30360.5,-3356.73,12237.1,-78.5876,-20.2172
0.855917,0.882706,30366.5,-3356.01,12222.1,-78.6273,-20.2241
0.856287,0.883104,30372.5,-3355.27,12207.1,-78.6676,-20.2313
0.856657,0.883503,30378.4,-3354.51,12192.1,-78.7085,-20.2387
0.857028,0.883901,30384.4,-3353.74,12177.1,-78.7499,-20.2465
0.857398,0.884299,30390.4,-3352.96,12162.1,-78.7919,-20.2546
0.857768,0.884697,30396.4,-3352.16,12147.1,-78.8345,-20.2629
0.858139,0.885096,30402.4,-3351.35,12132.2,-78.8777,-20.2715
0.858509,0.885494,30408.5,-3350.52,12117.2,-78.9215,-20.2805
0.85888,0.885892,30414.5,-3349.68,12102.2,-78.966,-20.2897
0.85925,0.88629,30420.6,-3348.83,12087.3,-79.0111,-20.2993
0.85962,0.886689,30426.6,-3347.96,12072.3,-79.0568,-20.3091
0.859991,0.887087,30432.7,-3347.07,12057.4,-79.1032,-20.3192
0.860361,0.887485,30438.8,-3346.17,12042.4,-79.1504,-20.3297
0.860731,0.887883,30444.9,-3345.26,12027.5,-79.1982,-20.3404
0.861102,0.888282,30451,-3344.33,12012.6,-79.2467,-20.3515
0.861472,0.88868,30457.1,-3343.38,11997.7,-79.296,-20.3629
0.861843,0.889078,30463.3,-3342.42,11982.7,-79.346,-20.3746
0.862213,0.889476,30469.4,-3341.45,11967.8,-79.3968,-20.3866
0.862583,0.889874,30475.6,-3340.46,11952.9,-79.4483,-20.3989
0.862954,0.890273,30481.7,-3339.46,11938,-79.5007,-20.4115
0.863324,0.890671,30487.9,-3338.44,11923.1,-79.5538,-20.4244
0.863694,0.891069,30494.1,-3337.4,11908.2,-79.6077,-20.4377
0.864065,0.891467,30500.3,-3336.35,11893.4,-79.6625,-20.4513
0.864435,0.891866,30506.6,-3335.29,11878.5,-79.7181,-20.4652
0.864805,0.892264,30512.8,-3334.21,11863.6,-79.7746,-20.4794
0.865176,0.892662,30519.1,-3333.11,11848.8,-79.832,-20.494
0.865546,0.89306,30525.3,-3332,11833.9,-79.8903,-20.5089
0.865917,0.893459,30531.6,-3330.87,11819.1,-79.9494,-20.5241
0.866287,0.893857,30537.9,-3329.73,11804.3,-80.0095,-20.5397
0.866657,0.894255,30544.2,-3328.57,11789.4,-80.0705,-20.5556
0.867028,0.894653,30550.6,-3327.4,11774.6,-80.1325,-20.5718
0.867398,0.895052,30556.9,-3326.21,11759.8,-80.1955,-20.5884
0.867768,0.89545,30563.2,-3325.01,11745,-80.2595,-20.6053
0.868139,0.895848,30569.6,-3323.79,11730.2,-80.3244,-20.6225
0.868509,0.896246,30576,-3322.55,11715.4,-80.3904,-20.6401
0.868879,0.896645,30582.4,-3321.3,11700.6,-80.4574,-20.658
0.86925,0.897043,30588.8,-3320.03,11685.9,-80.5255,-20.6763
0.86962,0.897441,30595.3,-3318.74,11671.1,-80.5946,-20.6949
0.869991,0.897839,30601.7,-3317.44,11656.3,-80.6649,-20.7139
0.870361,0.898238,30608.2,-3316.13,11641.6,-80.7362,-20.7332
0.870731,0.898636,30614.7,-3314.79,11626.8,-80.8087,-20.7528
0.871102,0.899034,30621.2,-3313.44,11612.1,-80.8824,-20.7729
0.871472,0.899432,30627.7,-3312.08,11597.4,-80.9572,-20.7932
0.871842,0.899831,30634.2,-3310.69,11582.7,-81.0331,-20.814
0.872213,0.900229,30640.8,-3309.3,11568,-81.1103,-20.8351
0.872583,0.900627,30647.4,-3307.88,11553.3,-81.1887,-20.8565
0.872953,0.901025,30653.9,-3306.45,11538.6,-81.2683,-20.8783
0.873324,0.901423,30660.5,-3305,11523.9,-81.3492,-20.9005
0.873694,0.901822,30667.2,-3303.53,11509.3,-81.4314,-20.923
0.874065,0.90222,30673.8,-3302.05,11494.6,-81.5149,-20.9459
0.874435,0.902618,30680.5,-3300.55,11480,-81.5997,-20.9692
0.874805,0.903016,30687.2,-3299.03,11465.3,-81.6858,-20.9928
0.875176,0.903415,30693.9,-3297.5,11450.7,-81.7733,-21.0168
0.875546,0.903813,30700.6,-3295.95,11436.1,-81.8621,-21.0411
0.875916,0.904211,30707.3,-3294.38,11421.5,-81.9524,-21.0659
0.876287,0.904609,30714.1,-3292.8,11406.9,-82.0441,-21.091
0.876657,0.905008,30720.8,-3291.19,11392.3,-82.1372,-21.1164
0.877027,0.905406,30727.6,-3289.57,11377.8,-82.2318,-21.1423
0.877398,0.905804,30734.4,-3287.93,11363.2,-82.3279,-21.1685
0.877768,0.906202,30741.3,-3286.28,11348.7,-82.4254,-21.1951
0.878139,0.906601,30748.1,-3284.6,11334.1,-82.5245,-21.222
0.878509,0.906999,30755,-3282.91,11319.6,-82.6252,-21.2494
0.878879,0.907397,30761.9,-3281.2,11305.1,-82.7274,-21.2771
0.87925,0.907795,30768.8,-3279.48,11290.6,-82.8312,-21.3052
0.87962,0.908194,30775.8,-3277.73,11276.1,-82.9366,-21.3337
0.87999,0.908592,30782.7,-3275.97,11261.6,-83.0437,-21.3625
0.880361,0.90899,30789.7,-3274.19,11247.2,-83.1524,-21.3917
0.880731,0.909388,30796.7,-3272.39,11232.7,-83.2628,-21.4213
0.881101,0.909787,30803.7,-3270.57,11218.3,-83.375,-21.4513
0.881472,0.910185,30810.8,-3268.73,11203.9,-83.4888,-21.4817
0.881842,0.910583,30817.9,-3266.88,11189.5,-83.6045,-21.5124
0.882213,0.910981,30825,-3265,11175.1,-83.7219,-21.5435
0.882583,0.91138,30832.1,-3263.11,11160.7,-83.8411,-21.575
0.882953,0.911778,30839.2,-3261.2,11146.3,-83.9622,-21.6068
0.883324,0.912176,30846.4,-3259.27,11132,-84.0851,-21.6391
0.883694,0.912574,30853.6,-3257.32,11117.6,-84.2099,-21.6717
0.884064,0.912972,30860.8,-3255.35,11103.3,-84.3366,-21.7047
0.884435,0.913371,30868,-3253.36,11089,-84.4653,-21.738
0.884805,0.913769,30875.3,-3251.35,11074.7,-84.5959,-21.7718
0.885175,0.914167,30882.5,-3249.33,11060.4,-84.7285,-21.8059
0.885546,0.914565,30889.9,-3247.28,11046.2,-84.8631,-21.8404
0.885916,0.914964,30897.2,-3245.21,11031.9,-84.9998,-21.8752
0.886287,0.915362,30904.6,-3243.13,11017.7,-85.1385,-21.9104
0.886657,0.91576,30911.9,-3241.02,11003.5,-85.2794,-21.946
0.887027,0.916158,30919.3,-3238.9,10989.3,-85.4224,-21.9819
0.887398,0.916557,30926.8,-3236.75,10975.1,-85.5675,-22.0182
0.887768,0.916955,30934.2,-3234.59,10961,-85.7148,-22.0549
0.888138,0.917353,30941.7,-3232.4,10946.8,-85.8643,-22.0919
0.888509,0.917751,30949.2,-3230.19,10932.7,-86.0161,-22.1292
0.888879,0.91815,30956.8,-3227.96,10918.5,-86.1701,-22.167
0.88925,0.918548,30964.4,-3225.72,10904.5,-86.3264,-22.205
0.88962,0.918946,30972,-3223.45,10890.4,-86.4851,-22.2434
0.88999,0.919344,30979.6,-3221.16,10876.3,-86.6461,-22.2822
0.890361,0.919743,30987.2,-3218.85,10862.3,-86.8095,-22.3213
0.890731,0.920141,30994.9,-3216.52,10848.3,-86.9753,-22.3607
0.891101,0.920539,31002.6,-3214.16,10834.3,-87.1435,-22.4004
0.891472,0.920937,31010.4,-3211.79,10820.3,-87.3143,-22.4405
0.891842,0.921336,31018.1,-3209.4,10806.3,-87.4875,-22.4809
0.892212,0.921734,31025.9,-3206.98,10792.4,-87.6633,-22.5216
0.892583,0.922132,31033.8,-3204.54,10778.5,-87.8416,-22.5626
0.892953,0.92253,31041.6,-3202.08,10764.5,-88.0226,-22.6039
0.893324,0.922929,31049.5,-3199.6,10750.7,-88.2062,-22.6455
0.893694,0.923327,31057.4,-3197.09,10736.8,-88.3924,-22.6874
0.894064,0.923725,31065.4,-3194.57,10723,-88.5813,-22.7296
0.894435,0.924123,31073.4,-3192.02,10709.2,-88.773,-22.772
0.894805,0.924522,31081.4,-3189.45,10695.4,-88.9674,-22.8147
0.895175,0.92492,31089.4,-3186.85,10681.6,-89.1646,-22.8577
0.895546,0.925318,31097.5,-3184.24,10667.8,-89.3646,-22.901
0.895916,0.925716,31105.6,-3181.6,10654.1,-89.5674,-22.9444
0.896286,0.926114,31113.7,-3178.94,10640.4,-89.7731,-22.9882
0.896657,0.926513,31121.9,-3176.26,10626.7,-89.9818,-23.0321
0.897027,0.926911,31130.1,-3173.55,10613.1,-90.1933,-23.0763
0.897398,0.927309,31138.3,-3170.82,10599.5,-90.4079,-23.1207
0.897768,0.927707,31146.6,-3168.06,10585.9,-90.6254,-23.1652
0.898138,0.928106,31154.9,-3165.29,10572.3,-90.846,-23.21
0.898509,0.928504,31163.3,-3162.48,10558.7,-91.0697,-23.2549
0.898879,0.928902,31171.6,-3159.66,10545.2,-91.2964,-23.3001
0.899249,0.9293,31180,-3156.81,10531.7,-91.5263,-23.3453
0.89962,0.929699,31188.5,-3153.94,10518.2,-91.7593,-23.3907
0.89999,0.930097,31197.4,-3150.89,10504.1,-91.9956,-23.4363
0.90036,0.930495,31205.5,-3148.09,10491.3,-92.2353,-23.4819
0.900731,0.930893,31214,-3145.13,10478.1,-92.4782,-23.5277
0.901101,0.931292,31222.7,-3142.08,10464.7,-92.7243,-23.5736
0.901472,0.93169,31231.4,-3138.98,10451.5,-92.9739,-23.6196
0.901842,0.932088,31240.1,-3135.82,10438.3,-93.2269,-23.6657
0.902212,0.932486,31248.9,-3132.62,10425.1,-93.4836,-23.7119
0.902583,0.932885,31257.7,-3129.36,10412,-93.7439,-23.7583
0.902953,0.933283,31266.6,-3126.05,10398.9,-94.0081,-23.8048
0.903323,0.933681,31275.6,-3122.69,10385.9,-94.2762,-23.8514
0.903694,0.934079,31284.5,-3119.29,10372.9,-94.5483,-23.8982
0.904064,0.934478,31293.6,-3115.84,10359.9,-94.8243,-23.9452
0.904434,0.934876,31302.6,-3112.35,10347,-95.1045,-23.9923
0.904805,0.935274,31311.7,-3108.82,10334.1,-95.3888,-24.0395
0.905175,0.935672,31320.9,-3105.24,10321.3,-95.6772,-24.0868
0.905546,0.936071,31330,-3101.63,10308.5,-95.9698,-24.1343
0.905916,0.936469,31339.3,-3097.98,10295.7,-96.2665,-24.1819
0.906286,0.936867,31348.5,-3094.29,10283,-96.5674,-24.2295
0.906657,0.937265,31357.8,-3090.57,10270.3,-96.8723,-24.2772
0.907027,0.937663,31367.1,-3086.81,10257.7,-97.1814,-24.3249
0.907397,0.938062,31376.4,-3083.01,10245,-97.4946,-24.3727
0.907768,0.93846,31385.8,-3079.19,10232.4,-97.8117,-24.4204
0.908138,0.938858,31395.2,-3075.33,10219.9,-98.1328,-24.468
0.908508,0.939256,31404.7,-3071.44,10207.4,-98.4577,-24.5156
0.908879,0.939655,31414.1,-3067.52,10194.9,-98.7865,-24.5631
0.909249,0.940053,31423.6,-3063.56,10182.4,-99.1191,-24.6104
0.90962,0.940451,31433.1,-3059.58,10170,-99.4553,-24.6575
0.90999,0.940849,31442.7,-3055.57,10157.6,-99.7951,-24.7045
0.91036,0.941248,31452.3,-3051.54,10145.2,-100.138,-24.7511
0.910731,0.941646,31461.9,-3047.47,10132.8,-100.485,-24.7975
0.911101,0.942044,31471.5,-3043.38,10120.5,-100.835,-24.8436
0.911471,0.942442,31481.1,-3039.26,10108.2,-101.189,-24.8894
0.911842,0.942841,31490.8,-3035.12,10096,-101.545,-24.9347
0.912212,0.943239,31500.5,-3030.94,10083.7,-101.905,-24.9797
0.912582,0.943637,31510.2,-3026.76,10071.5,-102.267,-25.0242
0.912953,0.944035,31519.9,-3022.54,10059.3,-102.632,-25.0682
0.913323,0.944434,31529.7,-3018.3,10047.2,-103.001,-25.1117
0.913694,0.944832,31539.5,-3014.04,10035,-103.371,-25.1546
0.914064,0.94523,31549.3,-3009.75,10022.9,-103.745,-25.197
0.914434,0.945628,31559.1,-3005.45,10010.8,-104.12,-25.2388
0.914805,0.946027,31568.9,-3001.12,9998.77,-104.499,-25.2799
0.915175,0.946425,31578.8,-2996.77,9986.73,-104.879,-25.3204
0.915545,0.946823,31588.6,-2992.4,9974.7,-105.262,-25.3601
0.915916,0.947221,31598.5,-2988.01,9962.71,-105.647,-25.3992
0.916286,0.947619,31608.4,-2983.59,9950.73,-106.033,-25.4375
0.916656,0.948018,31618.4,-2979.17,9938.78,-106.422,-25.475
0.917027,0.948416,31628.3,-2974.71,9926.84,-106.812,-25.5117
0.917397,0.948814,31638.3,-2970.25,9914.94,-107.204,-25.5476
0.917768,0.949212,31648.2,-2965.76,9903.04,-107.598,-25.5826
0.918138,0.949611,31658.2,-2961.25,9891.17,-107.993,-25.6168
0.918508,0.950009,31668.2,-2956.73,9879.32,-108.39,-25.6501
0.918879,0.950407,31678.3,-2952.19,9867.49,-108.787,-25.6825
0.919249,0.950805,31688.3,-2947.63,9855.68,-109.187,-25.7139
0.919619,0.951204,31698.4,-2943.05,9843.88,-109.587,-25.7445
0.91999,0.951602,31708.4,-2938.47,9832.12,-109.988,-25.774
0.92036,0.952,31718.5,-2933.86,9820.36,-110.39,-25.8026
0.920731,0.952398,31728.6,-2929.23,9808.63,-110.793,-25.8302
0.921101,0.952797,31738.7,-2924.59,9796.91,-111.197,-25.8567
0.921471,0.953195,31748.8,-2919.94,9785.21,-111.602,-25.8823
0.921842,0.953593,31759,-2915.27,9773.53,-112.007,-25.9068
0.922212,0.953991,31769.1,-2910.58,9761.87,-112.413,-25.9303
0.922582,0.95439,31779.3,-2905.88,9750.22,-112.819,-25.9528
0.922953,0.954788,31789.5,-2901.16,9738.59,-113.225,-25.9742
0.923323,0.955186,31799.6,-2896.43,9726.98,-113.632,-25.9945
0.923693,0.955584,31809.9,-2891.68,9715.38,-114.039,-26.0138
0.924064,0.955983,31820.1,-2886.93,9703.8,-114.446,-26.0319
0.924434,0.956381,31830.3,-2882.15,9692.24,-114.853,-26.049
0.924805,0.956779,31840.5,-2877.37,9680.69,-115.26,-26.065
0.925175,0.957177,31850.8,-2872.57,9669.16,-115.667,-26.0799
0.925545,0.957576,31861,-2867.75,9657.65,-116.074,-26.0937
0.925916,0.957974,31871.3,-2862.93,9646.15,-116.48,-26.1065
0.926286,0.958372,31881.6,-2858.09,9634.67,-116.887,-26.1181
0.926656,0.95877,31891.9,-2853.23,9623.2,-117.292,-26.1286
0.927027,0.959168,31902.2,-2848.37,9611.75,-117.698,-26.1381
0.927397,0.959567,31912.5,-2843.49,9600.3,-118.103,-26.1464
0.927767,0.959965,31922.8,-2838.6,9588.88,-118.507,-26.1537
0.928138,0.960363,31933.2,-2833.7,9577.47,-118.91,-26.1598
0.928508,0.960761,31943.5,-2828.78,9566.08,-119.313,-26.1649
0.928879,0.96116,31953.9,-2823.86,9554.7,-119.715,-26.1664
0.929249,0.961558,31964.2,-2818.92,9543.33,-120.116,-26.1663
0.929619,0.961956,31974.6,-2813.97,9531.98,-120.517,-26.1659
0.92999,0.962354,31985,-2809.01,9520.64,-120.916,-26.1651
0.93036,0.962752,31995.4,-2804.05,9509.35,-121.314,-26.1638
0.93073,0.963147,32005.7,-2799.11,9498.12,-121.712,-26.1618
0.931101,0.96354,32016,-2794.18,9486.97,-122.108,-26.1592
0.931471,0.963931,32026.2,-2789.27,9475.89,-122.502,-26.1557
0.931841,0.96432,32036.4,-2784.37,9464.89,-122.895,-26.1515
0.932212,0.964706,32046.5,-2779.49,9453.96,-123.287,-26.1464
0.932582,0.965091,32056.6,-2774.62,9443.09,-123.677,-26.1404
0.932953,0.965473,32066.7,-2769.78,9432.31,-124.065,-26.1336
0.933323,0.965854,32076.7,-2764.95,9421.58,-124.451,-26.1259
0.933693,0.966232,32086.6,-2760.14,9410.93,-124.835,-26.1172
0.934064,0.966608,32096.5,-2755.34,9400.36,-125.216,-26.1077
0.934434,0.966982,32106.4,-2750.57,9389.85,-125.596,-26.0974
0.934804,0.967354,32116.2,-2745.81,9379.42,-125.972,-26.0861
0.935175,0.967724,32125.9,-2741.07,9369.04,-126.346,-26.074
0.935545,0.968092,32135.6,-2736.35,9358.75,-126.718,-26.0611
0.935915,0.968458,32145.3,-2731.65,9348.52,-127.086,-26.0474
0.936286,0.968821,32154.9,-2726.96,9338.35,-127.452,-26.0328
0.936656,0.969182,32164.5,-2722.3,9328.27,-127.815,-26.0175
0.937027,0.969542,32174,-2717.65,9318.24,-128.175,-26.0015
0.937397,0.969899,32183.5,-2713.03,9308.3,-128.532,-25.9847
0.937767,0.970254,32192.9,-2708.43,9298.4,-128.885,-25.9672
0.938138,0.970607,32202.2,-2703.84,9288.58,-129.236,-25.949
0.938508,0.970958,32211.5,-2699.28,9278.84,-129.583,-25.9302
0.938878,0.971307,32220.8,-2694.73,9269.15,-129.927,-25.9107
0.939249,0.971654,32230,-2690.22,9259.54,-130.268,-25.8907
0.939619,0.971998,32239.2,-2685.71,9249.98,-130.605,-25.87
0.939989,0.972341,32248.3,-2681.23,9240.5,-130.939,-25.8488
0.94036,0.972681,32257.4,-2676.77,9231.09,-131.27,-25.8271
0.94073,0.973019,32266.4,-2672.33,9221.73,-131.598,-25.8048
0.941101,0.973355,32275.3,-2667.92,9212.46,-131.922,-25.7821
0.941471,0.973689,32284.3,-2663.51,9203.23,-132.242,-25.7589
0.941841,0.974021,32293.1,-2659.14,9194.08,-132.56,-25.7352
0.942212,0.974351,32301.9,-2654.79,9185,-132.873,-25.7111
0.942582,0.974679,32310.7,-2650.46,9175.97,-133.184,-25.6866
0.942952,0.975004,32319.4,-2646.16,9167.03,-133.491,-25.6618
0.943323,0.975328,32328,-2641.87,9158.13,-133.795,-25.6365
0.943693,0.975649,32336.6,-2637.6,9149.3,-134.095,-25.611
0.944063,0.975969,32345.2,-2633.37,9140.56,-134.392,-25.5851
0.944434,0.976286,32353.7,-2629.14,9131.84,-134.686,-25.5589
0.944804,0.976601,32362.1,-2624.95,9123.21,-134.976,-25.5324
0.945175,0.976914,32370.5,-2620.78,9114.65,-135.263,-25.5057
0.945545,0.977225,32378.8,-2616.63,9106.13,-135.547,-25.4787
0.945915,0.977533,32387.1,-2612.51,9097.71,-135.827,-25.4515
0.946286,0.97784,32395.4,-2608.4,9089.32,-136.104,-25.424
0.946656,0.978145,32403.5,-2604.32,9081.01,-136.378,-25.3964
0.947026,0.978447,32411.6,-2600.28,9072.78,-136.649,-25.3686
0.947397,0.978747,32419.7,-2596.24,9064.57,-136.917,-25.3406
0.947767,0.979046,32427.8,-2592.24,9056.46,-137.181,-25.3125
0.948138,0.979342,32435.7,-2588.25,9048.4,-137.442,-25.2842
0.948508,0.979636,32443.6,-2584.29,9040.39,-137.7,-25.2558
0.948878,0.979928,32451.5,-2580.36,9032.48,-137.955,-25.2273
0.949249,0.980217,32459.3,-2576.45,9024.59,-138.207,-25.1987
0.949619,0.980505,32467.1,-2572.56,9016.78,-138.456,-25.17
0.949989,0.980791,32474.7,-2568.71,9009.06,-138.702,-25.1413
0.95036,0.981074,32482.4,-2564.86,9001.34,-138.944,-25.1125
0.95073,0.981355,32490,-2561.05,8993.73,-139.184,-25.0836
0.9511,0.981635,32497.5,-2557.27,8986.18,-139.421,-25.0548
0.951471,0.981912,32505,-2553.5,8978.66,-139.655,-25.0258
0.951841,0.982187,32512.5,-2549.77,8971.24,-139.886,-24.9969
0.952211,0.98246,32519.8,-2546.05,8963.86,-140.114,-24.968
0.952582,0.982731,32527.2,-2542.36,8956.53,-140.34,-24.9391
0.952952,0.982999,32534.4,-2538.71,8949.31,-140.562,-24.9102
0.953323,0.983266,32541.7,-2535.06,8942.1,-140.782,-24.8813
0.953693,0.98353,32548.8,-2531.45,8934.96,-140.999,-24.8524
0.954063,0.983793,32555.9,-2527.88,8927.93,-141.213,-24.8236
0.954434,0.984053,32563,-2524.31,8920.89,-141.425,-24.7949
0.954804,0.984311,32570,-2520.77,8913.94,-141.634,-24.7662
0.955174,0.984567,32576.9,-2517.28,8907.08,-141.84,-24.7376
0.955545,0.984821,32583.8,-2513.78,8900.23,-142.044,-24.7091
0.955915,0.985073,32590.6,-2510.33,8893.47,-142.245,-24.6806
0.956286,0.985323,32597.4,-2506.9,8886.78,-142.443,-24.6522
0.956656,0.985571,32604.2,-2503.49,8880.11,-142.639,-24.6239
0.957026,0.985816,32610.8,-2500.12,8873.54,-142.832,-24.5958
0.957397,0.98606,32617.4,-2496.77,8867.02,-143.023,-24.5677
0.957767,0.986301,32624,-2493.43,8860.54,-143.212,-24.5398
0.958137,0.98654,32630.5,-2490.14,8854.16,-143.398,-24.5119
0.958508,0.986777,32636.9,-2486.86,8847.81,-143.581,-24.4842
0.958878,0.987012,32643.3,-2483.61,8841.51,-143.762,-24.4567
0.959248,0.987245,32649.7,-2480.41,8835.31,-143.941,-24.4292
0.959619,0.987476,32655.9,-2477.2,8829.13,-144.118,-24.4019
0.959989,0.987705,32662.2,-2474.03,8823.01,-144.292,-24.3748
0.96036,0.987931,32668.3,-2470.91,8817,-144.464,-24.3478
0.96073,0.988156,32674.5,-2467.78,8810.99,-144.633,-24.321
0.9611,0.988378,32680.5,-2464.69,8805.05,-144.8,-24.2943
0.961471,0.988598,32686.5,-2461.65,8799.22,-144.966,-24.2678
0.961841,0.988816,32692.5,-2458.61,8793.38,-145.128,-24.2414
0.962211,0.989032,32698.4,-2455.6,8787.63,-145.289,-24.2153
0.962582,0.989246,32704.2,-2452.64,8781.97,-145.448,-24.1893
0.962952,0.989458,32710,-2449.67,8776.31,-145.604,-24.1634
0.963322,0.989668,32715.7,-2446.75,8770.73,-145.759,-24.1378
0.963693,0.989875,32721.4,-2443.87,8765.25,-145.911,-24.1123
0.964063,0.990081,32727,-2440.99,8759.76,-146.061,-24.0871
0.964434,0.990284,32732.6,-2438.14,8754.36,-146.209,-24.062
0.964804,0.990486,32738,-2435.35,8749.06,-146.355,-24.0371
0.965174,0.990685,32743.5,-2432.55,8743.75,-146.5,-24.0124
0.965545,0.990882,32748.9,-2429.79,8738.52,-146.642,-23.9879
0.965915,0.991077,32754.2,-2427.08,8733.39,-146.782,-23.9636
0.966285,0.99127,32759.5,-2424.36,8728.25,-146.92,-23.9395
0.966656,0.991461,32764.7,-2421.68,8723.2,-147.057,-23.9156
0.967026,0.991649,32769.9,-2419.05,8718.25,-147.191,-23.892
0.967396,0.991836,32775,-2416.42,8713.29,-147.324,-23.8685
0.967767,0.99202,32780.1,-2413.82,8708.4,-147.454,-23.8452
0.968137,0.992203,32785,-2411.28,8703.62,-147.583,-23.8222
0.968508,0.992383,32790,-2408.73,8698.84,-147.71,-23.7993
0.968878,0.992561,32794.9,-2406.22,8694.13,-147.836,-23.7767
0.969248,0.992737,32799.7,-2403.76,8689.52,-147.959,-23.7543
0.969619,0.992911,32804.5,-2401.3,8684.91,-148.081,-23.7321
0.969989,0.993082,32809.2,-2398.87,8680.37,-148.201,-23.7101
0.970359,0.993252,32813.8,-2396.49,8675.93,-148.319,-23.6884
0.97073,0.99342,32818.4,-2394.12,8671.5,-148.436,-23.6669
0.9711,0.993585,32823,-2391.77,8667.13,-148.55,-23.6455
0.97147,0.993749,32827.5,-2389.48,8662.86,-148.664,-23.6245
0.971841,0.99391,32831.9,-2387.19,8658.61,-148.775,-23.6036
0.972211,0.994069,32836.3,-2384.93,8654.41,-148.885,-23.583
0.972582,0.994226,32840.6,-2382.72,8650.3,-148.993,-23.5626
0.972952,0.994381,32844.8,-2380.53,8646.24,-149.1,-23.5424
0.973322,0.994534,32849.1,-2378.35,8642.2,-149.205,-23.5224
0.973693,0.994684,32853.2,-2376.22,8638.26,-149.308,-23.5027
0.974063,0.994833,32857.3,-2374.12,8634.38,-149.41,-23.4832
0.974433,0.99498,32861.3,-2372.02,8630.5,-149.51,-23.4639
0.974804,0.995124,32865.3,-2369.98,8626.72,-149.609,-23.4449
0.975174,0.995266,32869.2,-2367.98,8623.04,-149.706,-23.426
0.975545,0.995407,32873.1,-2365.96,8619.32,-149.802,-23.4075
0.975915,0.995545,32876.9,-2363.99,8615.7,-149.896,-23.3891
0.976285,0.995681,32880.6,-2362.08,8612.19,-149.989,-23.371
0.976656,0.995814,32884.3,-2360.16,8608.65,-150.08,-23.3531
0.977026,0.995946,32887.9,-2358.27,8605.19,-150.169,-23.3354
0.977396,0.996076,32891.5,-2356.45,8601.84,-150.258,-23.318
0.977767,0.996203,32895,-2354.62,8598.48,-150.345,-23.3008
0.978137,0.996329,32898.5,-2352.81,8595.18,-150.43,-23.2839
0.978507,0.996452,32901.9,-2351.07,8592,-150.514,-23.2671
0.978878,0.996573,32905.2,-2349.34,8588.83,-150.596,-23.2506
0.979248,0.996692,32908.5,-2347.62,8585.69,-150.678,-23.2344
0.979618,0.996809,32911.7,-2345.96,8582.66,-150.758,-23.2183
0.979989,0.996924,32914.9,-2344.33,8579.69,-150.836,-23.2025
0.980359,0.997037,32918,-2342.69,8576.71,-150.913,-23.187
0.98073,0.997148,32921.1,-2341.11,8573.83,-150.989,-23.1716
0.9811,0.997256,32924,-2339.59,8571.05,-151.063,-23.1565
0.98147,0.997363,32927,-2338.03,8568.23,-151.136,-23.1417
0.981841,0.997467,32929.9,-2336.53,8565.5,-151.208,-23.127
0.982211,0.99757,32932.7,-2335.09,8562.88,-151.278,-23.1126
0.982581,0.99767,32935.5,-2333.64,8560.25,-151.348,-23.0985
0.982952,0.997768,32938.2,-2332.22,8557.68,-151.415,-23.0845
0.983322,0.997864,32940.8,-2330.86,8555.22,-151.482,-23.0708
0.983693,0.997957,32943.4,-2329.51,8552.79,-151.547,-23.0573
0.984063,0.998049,32946,-2328.17,8550.37,-151.611,-23.0441
0.984433,0.998139,32948.5,-2326.89,8548.06,-151.674,-23.0311
0.984804,0.998226,32950.8,-2325.66,8545.83,-151.736,-23.0183
0.985174,0.998312,32953.2,-2324.4,8543.56,-151.796,-23.0058
0.985544,0.998395,32955.6,-2323.2,8541.4,-151.855,-22.9935
0.985915,0.998476,32957.8,-2322.06,8539.34,-151.913,-22.9814
0.986285,0.998555,32960,-2320.9,8537.25,-151.97,-22.9695
0.986655,0.998632,32962.1,-2319.78,8535.24,-152.025,-22.9579
0.987026,0.998707,32964.2,-2318.71,8533.33,-152.079,-22.9465
0.987396,0.99878,32966.2,-2317.67,8531.45,-152.132,-22.9354
0.987767,0.998851,32968.2,-2316.63,8529.58,-152.184,-22.9244
0.988137,0.998919,32970.1,-2315.64,8527.82,-152.235,-22.9137
0.988507,0.998986,32971.9,-2314.71,8526.16,-152.284,-22.9033
0.988878,0.99905,32973.7,-2313.75,8524.43,-152.333,-22.893
0.989248,0.999112,32975.4,-2312.85,8522.82,-152.38,-22.883
0.989618,0.999172,32977,-2312,8521.31,-152.426,-22.8732
0.989989,0.99923,32978.7,-2311.15,8519.79,-152.471,-22.8637
0.990359,0.999286,32980.3,-2310.33,8518.32,-152.515,-22.8544
0.990729,0.99934,32981.7,-2309.56,8516.95,-152.557,-22.8453
0.9911,0.999392,32983.1,-2308.83,8515.65,-152.599,-22.8364
0.99147,0.999441,32984.6,-2308.08,8514.32,-152.639,-22.8278
0.991841,0.999489,32985.9,-2307.4,8513.1,-152.678,-22.8194
0.992211,0.999534,32987.1,-2306.77,8511.98,-152.717,-22.8112
0.992581,0.999577,32988.3,-2306.12,8510.82,-152.754,-22.8033
0.992952,0.999618,32989.5,-2305.51,8509.74,-152.79,-22.7956
0.993322,0.999658,32990.5,-2304.96,8508.77,-152.824,-22.7881
0.993692,0.999694,32991.5,-2304.43,8507.82,-152.858,-22.7808
0.994063,0.999729,32992.6,-2303.9,8506.88,-152.891,-22.7738
0.994433,0.999762,32993.4,-2303.43,8506.06,-152.922,-22.767
0.994803,0.999793,32994.2,-2303.02,8505.33,-152.953,-22.7604
0.995174,0.999821,32995.1,-2302.57,8504.53,-152.982,-22.754
0.995544,0.999848,32995.8,-2302.18,8503.84,-153.011,-22.7479
0.995915,0.999872,32996.5,-2301.85,8503.26,-153.038,-22.742
0.996285,0.999894,32997.1,-2301.52,8502.68,-153.064,-22.7363
0.996655,0.999914,32997.7,-2301.21,8502.12,-153.089,-22.7309
0.997026,0.999932,32998.2,-2300.96,8501.68,-153.113,-22.7257
0.997396,0.999948,32998.6,-2300.76,8501.34,-153.136,-22.7207
0.997766,0.999962,32999,-2300.52,8500.91,-153.158,-22.7159
0.998137,0.999973,32999.3,-2300.35,8500.61,-153.179,-22.7114
0.998507,0.999983,32999.6,-2300.23,8500.41,-153.199,-22.7071
0.998877,0.99999,32999.8,-2300.1,8500.18,-153.218,-22.703
0.999248,0.999996,33000,-2300.02,8500.04,-153.235,-22.6992
0.999618,0.999999,33000,-2300,8500,-153.252,-22.6955
0.999989,1,33000,-2300,8500,-153.268,-22.6921
1,1,33000,-2300,8500,-153.282,-22.6889
1,1,33000,-2300,8500,-153.296,-22.686
1,1,33000,-2300,8500,-153.308,-22.6833
1,1,33000,-2300,8500,-153.32,-22.6807
1,1,33000,-2300,8500,-153.331,-22.6784
1,1,33000,-2300,8500,-153.34,-22.6763
1,1,33000,-2300,8500,-153.349,-22.6743
1,1,33000,-2300,8500,-153.357,-22.6725
1,1,33000,-2300,8500,-153.365,-22.6709
1,1,33000,-2300,8500,-153.372,-22.6694
1,1,33000,-2300,8500,-153.378,-22.6681
1,1,33000,-2300,8500,-153.384,-22.6668
1,1,33000,-2300,8500,-153.389,-22.6657
1,1,33000,-2300,8500,-153.393,-22.6647
1,1,33000,-2300,8500,-153.398,-22.6638
1,1,33000,-2300,8500,-153.401,-22.6629
1,1,33000,-2300,8500,-153.405,-22.6622
1,1,33000,-2300,8500,-153.408,-22.6615
1,1,33000,-2300,8500,-153.411,-22.6609
1,1,33000,-2300,8500,-153.413,-22.6604
1,1,33000,-2300,8500,-153.416,-22.6599
1,1,33000,-2300,8500,-153.418,-22.6594
1,1,33000,-2300,8500,-153.419,-22.659
1,1,33000,-2300,8500,-153.421,-22.6587
1,1,33000,-2300,8500,-153.423,-22.6583
1,1,33000,-2300,8500,-153.424,-22.658
